wl_nm,n,k
271,1.721205,0
272,1.720421,0
273,1.719643,0
274,1.718872,0
275,1.718108,0
276,1.71735,0
277,1.716598,0
278,1.715852,0
279,1.715113,0
280,1.71438,0
281,1.713653,0
282,1.712933,0
283,1.712218,0
284,1.711509,0
285,1.710806,0
286,1.710109,0
287,1.709418,0
288,1.708733,0
289,1.708053,0
290,1.707379,0
291,1.70671,0
292,1.706047,0
293,1.705389,0
294,1.704737,0
295,1.70409,0
296,1.703449,0
297,1.702813,0
298,1.702182,0
299,1.701556,0
300,1.700935,0
301,1.70032,0
302,1.699709,0
303,1.699103,0
304,1.698503,0
305,1.697907,0
306,1.697316,0
307,1.69673,0
308,1.696148,0
309,1.695571,0
310,1.694999,0
311,1.694432,0
312,1.693869,0
313,1.69331,0
314,1.692756,0
315,1.692207,0
316,1.691661,0
317,1.69112,0
318,1.690584,0
319,1.690051,0
320,1.689523,0
321,1.688999,0
322,1.68848,0
323,1.687964,0
324,1.687452,0
325,1.686945,0
326,1.686441,0
327,1.685941,0
328,1.685445,0
329,1.684953,0
330,1.684465,0
331,1.683981,0
332,1.6835,0
333,1.683024,0
334,1.68255,0
335,1.682081,0
336,1.681615,0
337,1.681153,0
338,1.680694,0
339,1.680239,0
340,1.679787,0
341,1.679338,0
342,1.678893,0
343,1.678452,0
344,1.678014,0
345,1.677579,0
346,1.677147,0
347,1.676719,0
348,1.676294,0
349,1.675872,0
350,1.675453,0
351,1.675037,0
352,1.674625,0
353,1.674215,0
354,1.673809,0
355,1.673406,0
356,1.673005,0
357,1.672608,0
358,1.672213,0
359,1.671822,0
360,1.671433,0
361,1.671047,0
362,1.670664,0
363,1.670284,0
364,1.669906,0
365,1.669532,0
366,1.66916,0
367,1.66879,0
368,1.668424,0
369,1.66806,0
370,1.667699,0
371,1.66734,0
372,1.666984,0
373,1.66663,0
374,1.666279,0
375,1.665931,0
376,1.665584,0
377,1.665241,0
378,1.6649,0
379,1.664561,0
380,1.664225,0
381,1.663891,0
382,1.663559,0
383,1.66323,0
384,1.662903,0
385,1.662578,0
386,1.662256,0
387,1.661936,0
388,1.661618,0
389,1.661302,0
390,1.660989,0
391,1.660677,0
392,1.660368,0
393,1.660061,0
394,1.659756,0
395,1.659453,0
396,1.659153,0
397,1.658854,0
398,1.658557,0
399,1.658262,0
400,1.65797,0
401,1.657679,0
402,1.65739,0
403,1.657104,0
404,1.656819,0
405,1.656536,0
406,1.656255,0
407,1.655976,0
408,1.655699,0
409,1.655424,0
410,1.65515,0
411,1.654878,0
412,1.654609,0
413,1.654341,0
414,1.654074,0
415,1.65381,0
416,1.653547,0
417,1.653286,0
418,1.653027,0
419,1.652769,0
420,1.652513,0
421,1.652259,0
422,1.652006,0
423,1.651755,0
424,1.651506,0
425,1.651258,0
426,1.651012,0
427,1.650767,0
428,1.650524,0
429,1.650283,0
430,1.650043,0
431,1.649805,0
432,1.649568,0
433,1.649333,0
434,1.649099,0
435,1.648867,0
436,1.648636,0
437,1.648407,0
438,1.648179,0
439,1.647953,0
440,1.647728,0
441,1.647504,0
442,1.647282,0
443,1.647061,0
444,1.646842,0
445,1.646624,0
446,1.646407,0
447,1.646192,0
448,1.645978,0
449,1.645765,0
450,1.645554,0
451,1.645344,0
452,1.645135,0
453,1.644928,0
454,1.644722,0
455,1.644517,0
456,1.644313,0
457,1.644111,0
458,1.64391,0
459,1.64371,0
460,1.643511,0
461,1.643313,0
462,1.643117,0
463,1.642922,0
464,1.642728,0
465,1.642535,0
466,1.642344,0
467,1.642153,0
468,1.641964,0
469,1.641776,0
470,1.641589,0
471,1.641403,0
472,1.641218,0
473,1.641034,0
474,1.640851,0
475,1.64067,0
476,1.640489,0
477,1.64031,0
478,1.640131,0
479,1.639954,0
480,1.639778,0
481,1.639603,0
482,1.639428,0
483,1.639255,0
484,1.639083,0
485,1.638912,0
486,1.638741,0
487,1.638572,0
488,1.638404,0
489,1.638237,0
490,1.63807,0
491,1.637905,0
492,1.637741,0
493,1.637577,0
494,1.637415,0
495,1.637253,0
496,1.637092,0
497,1.636932,0
498,1.636774,0
499,1.636616,0
500,1.636459,0
501,1.636302,0
502,1.636147,0
503,1.635993,0
504,1.635839,0
505,1.635687,0
506,1.635535,0
507,1.635384,0
508,1.635234,0
509,1.635084,0
510,1.634936,0
511,1.634788,0
512,1.634641,0
513,1.634495,0
514,1.63435,0
515,1.634206,0
516,1.634062,0
517,1.633919,0
518,1.633777,0
519,1.633636,0
520,1.633495,0
521,1.633356,0
522,1.633217,0
523,1.633078,0
524,1.632941,0
525,1.632804,0
526,1.632668,0
527,1.632533,0
528,1.632398,0
529,1.632265,0
530,1.632132,0
531,1.631999,0
532,1.631868,0
533,1.631737,0
534,1.631607,0
535,1.631477,0
536,1.631348,0
537,1.63122,0
538,1.631092,0
539,1.630966,0
540,1.63084,0
541,1.630714,0
542,1.630589,0
543,1.630465,0
544,1.630342,0
545,1.630219,0
546,1.630097,0
547,1.629975,0
548,1.629854,0
549,1.629734,0
550,1.629614,0
551,1.629495,0
552,1.629377,0
553,1.629259,0
554,1.629141,0
555,1.629025,0
556,1.628909,0
557,1.628793,0
558,1.628679,0
559,1.628564,0
560,1.628451,0
561,1.628338,0
562,1.628225,0
563,1.628113,0
564,1.628002,0
565,1.627891,0
566,1.627781,0
567,1.627671,0
568,1.627562,0
569,1.627454,0
570,1.627346,0
571,1.627238,0
572,1.627131,0
573,1.627025,0
574,1.626919,0
575,1.626814,0
576,1.626709,0
577,1.626605,0
578,1.626501,0
579,1.626397,0
580,1.626295,0
581,1.626193,0
582,1.626091,0
583,1.62599,0
584,1.625889,0
585,1.625789,0
586,1.625689,0
587,1.62559,0
588,1.625491,0
589,1.625393,0
590,1.625295,0
591,1.625198,0
592,1.625101,0
593,1.625004,0
594,1.624908,0
595,1.624813,0
596,1.624718,0
597,1.624624,0
598,1.624529,0
599,1.624436,0
600,1.624343,0
601,1.62425,0
602,1.624158,0
603,1.624066,0
604,1.623974,0
605,1.623883,0
606,1.623793,0
607,1.623703,0
608,1.623613,0
609,1.623524,0
610,1.623435,0
611,1.623347,0
612,1.623259,0
613,1.623171,0
614,1.623084,0
615,1.622997,0
616,1.622911,0
617,1.622825,0
618,1.62274,0
619,1.622655,0
620,1.62257,0
621,1.622485,0
622,1.622401,0
623,1.622318,0
624,1.622235,0
625,1.622152,0
626,1.62207,0
627,1.621988,0
628,1.621906,0
629,1.621825,0
630,1.621744,0
631,1.621663,0
632,1.621583,0
633,1.621503,0
634,1.621424,0
635,1.621345,0
636,1.621266,0
637,1.621188,0
638,1.62111,0
639,1.621032,0
640,1.620955,0
641,1.620878,0
642,1.620801,0
643,1.620725,0
644,1.620649,0
645,1.620574,0
646,1.620499,0
647,1.620424,0
648,1.620349,0
649,1.620275,0
650,1.620201,0
651,1.620128,0
652,1.620054,0
653,1.619982,0
654,1.619909,0
655,1.619837,0
656,1.619765,0
657,1.619693,0
658,1.619622,0
659,1.619551,0
660,1.61948,0
661,1.61941,0
662,1.61934,0
663,1.61927,0
664,1.619201,0
665,1.619132,0
666,1.619063,0
667,1.618994,0
668,1.618926,0
669,1.618858,0
670,1.61879,0
671,1.618723,0
672,1.618656,0
673,1.618589,0
674,1.618523,0
675,1.618457,0
676,1.618391,0
677,1.618325,0
678,1.61826,0
679,1.618195,0
680,1.61813,0
681,1.618065,0
682,1.618001,0
683,1.617937,0
684,1.617874,0
685,1.61781,0
686,1.617747,0
687,1.617684,0
688,1.617622,0
689,1.617559,0
690,1.617497,0
691,1.617435,0
692,1.617374,0
693,1.617313,0
694,1.617252,0
695,1.617191,0
696,1.61713,0
697,1.61707,0
698,1.61701,0
699,1.61695,0
700,1.616891,0
701,1.616831,0
702,1.616772,0
703,1.616714,0
704,1.616655,0
705,1.616597,0
706,1.616539,0
707,1.616481,0
708,1.616423,0
709,1.616366,0
710,1.616309,0
711,1.616252,0
712,1.616195,0
713,1.616139,0
714,1.616083,0
715,1.616027,0
716,1.615971,0
717,1.615916,0
718,1.61586,0
719,1.615805,0
720,1.61575,0
721,1.615696,0
722,1.615641,0
723,1.615587,0
724,1.615533,0
725,1.61548,0
726,1.615426,0
727,1.615373,0
728,1.61532,0
729,1.615267,0
730,1.615214,0
731,1.615162,0
732,1.61511,0
733,1.615058,0
734,1.615006,0
735,1.614954,0
736,1.614903,0
737,1.614851,0
738,1.614801,0
739,1.61475,0
740,1.614699,0
741,1.614649,0
742,1.614599,0
743,1.614549,0
744,1.614499,0
745,1.614449,0
746,1.6144,0
747,1.614351,0
748,1.614302,0
749,1.614253,0
750,1.614204,0
751,1.614156,0
752,1.614107,0
753,1.614059,0
754,1.614011,0
755,1.613964,0
756,1.613916,0
757,1.613869,0
758,1.613822,0
759,1.613775,0
760,1.613728,0
761,1.613681,0
762,1.613635,0
763,1.613589,0
764,1.613543,0
765,1.613497,0
766,1.613451,0
767,1.613405,0
768,1.61336,0
769,1.613315,0
770,1.61327,0
771,1.613225,0
772,1.61318,0
773,1.613136,0
774,1.613091,0
775,1.613047,0
776,1.613003,0
777,1.612959,0
778,1.612916,0
779,1.612872,0
780,1.612829,0
781,1.612786,0
782,1.612743,0
783,1.6127,0
784,1.612657,0
785,1.612614,0
786,1.612572,0
787,1.61253,0
788,1.612488,0
789,1.612446,0
790,1.612404,0
791,1.612363,0
792,1.612321,0
793,1.61228,0
794,1.612239,0
795,1.612198,0
796,1.612157,0
797,1.612116,0
798,1.612075,0
799,1.612035,0
800,1.611995,0
801,1.611955,0
802,1.611915,0
803,1.611875,0
804,1.611835,0
805,1.611796,0
806,1.611756,0
807,1.611717,0
808,1.611678,0
809,1.611639,0
810,1.6116,0
811,1.611562,0
812,1.611523,0
813,1.611485,0
814,1.611447,0
815,1.611408,0
816,1.611371,0
817,1.611333,0
818,1.611295,0
819,1.611257,0
820,1.61122,0
821,1.611183,0
822,1.611146,0
823,1.611109,0
824,1.611072,0
825,1.611035,0
826,1.610998,0
827,1.610962,0
828,1.610925,0
829,1.610889,0
830,1.610853,0
831,1.610817,0
832,1.610781,0
833,1.610745,0
834,1.61071,0
835,1.610674,0
836,1.610639,0
837,1.610604,0
838,1.610569,0
839,1.610534,0
840,1.610499,0
841,1.610464,0
842,1.610429,0
843,1.610395,0
844,1.610361,0
845,1.610326,0
846,1.610292,0
847,1.610258,0
848,1.610224,0
849,1.610191,0
850,1.610157,0
851,1.610123,0
852,1.61009,0
853,1.610057,0
854,1.610023,0
855,1.60999,0
856,1.609957,0
857,1.609924,0
858,1.609892,0
859,1.609859,0
860,1.609826,0
861,1.609794,0
862,1.609762,0
863,1.60973,0
864,1.609697,0
865,1.609666,0
866,1.609634,0
867,1.609602,0
868,1.60957,0
869,1.609539,0
870,1.609507,0
871,1.609476,0
872,1.609445,0
873,1.609414,0
874,1.609383,0
875,1.609352,0
876,1.609321,0
877,1.60929,0
878,1.609259,0
879,1.609229,0
880,1.609199,0
881,1.609168,0
882,1.609138,0
883,1.609108,0
884,1.609078,0
885,1.609048,0
886,1.609018,0
887,1.608989,0
888,1.608959,0
889,1.60893,0
890,1.6089,0
891,1.608871,0
892,1.608842,0
893,1.608813,0
894,1.608784,0
895,1.608755,0
896,1.608726,0
897,1.608697,0
898,1.608669,0
899,1.60864,0
900,1.608612,0
901,1.608583,0
902,1.608555,0
903,1.608527,0
904,1.608499,0
905,1.608471,0
906,1.608443,0
907,1.608415,0
908,1.608387,0
909,1.60836,0
910,1.608332,0
911,1.608305,0
912,1.608277,0
913,1.60825,0
914,1.608223,0
915,1.608196,0
916,1.608169,0
917,1.608142,0
918,1.608115,0
919,1.608088,0
920,1.608062,0
921,1.608035,0
922,1.608009,0
923,1.607982,0
924,1.607956,0
925,1.60793,0
926,1.607904,0
927,1.607877,0
928,1.607852,0
929,1.607826,0
930,1.6078,0
931,1.607774,0
932,1.607748,0
933,1.607723,0
934,1.607697,0
935,1.607672,0
936,1.607647,0
937,1.607621,0
938,1.607596,0
939,1.607571,0
940,1.607546,0
941,1.607521,0
942,1.607496,0
943,1.607471,0
944,1.607447,0
945,1.607422,0
946,1.607398,0
947,1.607373,0
948,1.607349,0
949,1.607324,0
950,1.6073,0
951,1.607276,0
952,1.607252,0
953,1.607228,0
954,1.607204,0
955,1.60718,0
956,1.607156,0
957,1.607133,0
958,1.607109,0
959,1.607085,0
960,1.607062,0
961,1.607038,0
962,1.607015,0
963,1.606992,0
964,1.606969,0
965,1.606945,0
966,1.606922,0
967,1.606899,0
968,1.606876,0
969,1.606854,0
970,1.606831,0
971,1.606808,0
972,1.606785,0
973,1.606763,0
974,1.60674,0
975,1.606718,0
976,1.606696,0
977,1.606673,0
978,1.606651,0
979,1.606629,0
980,1.606607,0
981,1.606585,0
982,1.606563,0
983,1.606541,0
984,1.606519,0
985,1.606497,0
986,1.606475,0
987,1.606454,0
988,1.606432,0
989,1.606411,0
990,1.606389,0
991,1.606368,0
992,1.606346,0
993,1.606325,0
994,1.606304,0
995,1.606283,0
996,1.606262,0
997,1.606241,0
998,1.60622,0
999,1.606199,0
1000,1.606178,0
1001,1.606157333,0
1002,1.606136667,0
1003,1.606116,0
1004,1.606095333,0
1005,1.606074667,0
1006,1.606054,0
1007,1.606033833,0
1008,1.606013667,0
1009,1.6059935,0
1010,1.605973333,0
1011,1.605953167,0
1012,1.605933,0
1013,1.605913167,0
1014,1.605893333,0
1015,1.6058735,0
1016,1.605853667,0
1017,1.605833833,0
1018,1.605814,0
1019,1.605794333,0
1020,1.605774667,0
1021,1.605755,0
1022,1.605735333,0
1023,1.605715667,0
1024,1.605696,0
1025,1.605676833,0
1026,1.605657667,0
1027,1.6056385,0
1028,1.605619333,0
1029,1.605600167,0
1030,1.605581,0
1031,1.605562,0
1032,1.605543,0
1033,1.605524,0
1034,1.605505,0
1035,1.605486,0
1036,1.605467,0
1037,1.6054485,0
1038,1.60543,0
1039,1.6054115,0
1040,1.605393,0
1041,1.6053745,0
1042,1.605356,0
1043,1.605337833,0
1044,1.605319667,0
1045,1.6053015,0
1046,1.605283333,0
1047,1.605265167,0
1048,1.605247,0
1049,1.605229,0
1050,1.605211,0
1051,1.605193,0
1052,1.605175,0
1053,1.605157,0
1054,1.605139,0
1055,1.605121333,0
1056,1.605103667,0
1057,1.605086,0
1058,1.605068333,0
1059,1.605050667,0
1060,1.605033,0
1061,1.605015667,0
1062,1.604998333,0
1063,1.604981,0
1064,1.604963667,0
1065,1.604946333,0
1066,1.604929,0
1067,1.604911833,0
1068,1.604894667,0
1069,1.6048775,0
1070,1.604860333,0
1071,1.604843167,0
1072,1.604826,0
1073,1.604809333,0
1074,1.604792667,0
1075,1.604776,0
1076,1.604759333,0
1077,1.604742667,0
1078,1.604726,0
1079,1.6047095,0
1080,1.604693,0
1081,1.6046765,0
1082,1.60466,0
1083,1.6046435,0
1084,1.604627,0
1085,1.604610667,0
1086,1.604594333,0
1087,1.604578,0
1088,1.604561667,0
1089,1.604545333,0
1090,1.604529,0
1091,1.604513,0
1092,1.604497,0
1093,1.604481,0
1094,1.604465,0
1095,1.604449,0
1096,1.604433,0
1097,1.604417333,0
1098,1.604401667,0
1099,1.604386,0
1100,1.604370333,0
1101,1.604354667,0
1102,1.604339,0
1103,1.6043235,0
1104,1.604308,0
1105,1.6042925,0
1106,1.604277,0
1107,1.6042615,0
1108,1.604246,0
1109,1.604230833,0
1110,1.604215667,0
1111,1.6042005,0
1112,1.604185333,0
1113,1.604170167,0
1114,1.604155,0
1115,1.60414,0
1116,1.604125,0
1117,1.60411,0
1118,1.604095,0
1119,1.60408,0
1120,1.604065,0
1121,1.604050333,0
1122,1.604035667,0
1123,1.604021,0
1124,1.604006333,0
1125,1.603991667,0
1126,1.603977,0
1127,1.6039625,0
1128,1.603948,0
1129,1.6039335,0
1130,1.603919,0
1131,1.6039045,0
1132,1.60389,0
1133,1.603875667,0
1134,1.603861333,0
1135,1.603847,0
1136,1.603832667,0
1137,1.603818333,0
1138,1.603804,0
1139,1.603789833,0
1140,1.603775667,0
1141,1.6037615,0
1142,1.603747333,0
1143,1.603733167,0
1144,1.603719,0
1145,1.603705167,0
1146,1.603691333,0
1147,1.6036775,0
1148,1.603663667,0
1149,1.603649833,0
1150,1.603636,0
1151,1.6036225,0
1152,1.603609,0
1153,1.6035955,0
1154,1.603582,0
1155,1.6035685,0
1156,1.603555,0
1157,1.6035415,0
1158,1.603528,0
1159,1.6035145,0
1160,1.603501,0
1161,1.6034875,0
1162,1.603474,0
1163,1.603460833,0
1164,1.603447667,0
1165,1.6034345,0
1166,1.603421333,0
1167,1.603408167,0
1168,1.603395,0
1169,1.603382,0
1170,1.603369,0
1171,1.603356,0
1172,1.603343,0
1173,1.60333,0
1174,1.603317,0
1175,1.603304167,0
1176,1.603291333,0
1177,1.6032785,0
1178,1.603265667,0
1179,1.603252833,0
1180,1.60324,0
1181,1.603227333,0
1182,1.603214667,0
1183,1.603202,0
1184,1.603189333,0
1185,1.603176667,0
1186,1.603164,0
1187,1.6031515,0
1188,1.603139,0
1189,1.6031265,0
1190,1.603114,0
1191,1.6031015,0
1192,1.603089,0
1193,1.603076833,0
1194,1.603064667,0
1195,1.6030525,0
1196,1.603040333,0
1197,1.603028167,0
1198,1.603016,0
1199,1.603003833,0
1200,1.602991667,0
1201,1.6029795,0
1202,1.602967333,0
1203,1.602955167,0
1204,1.602943,0
1205,1.602931167,0
1206,1.602919333,0
1207,1.6029075,0
1208,1.602895667,0
1209,1.602883833,0
1210,1.602872,0
1211,1.602860167,0
1212,1.602848333,0
1213,1.6028365,0
1214,1.602824667,0
1215,1.602812833,0
1216,1.602801,0
1217,1.6027895,0
1218,1.602778,0
1219,1.6027665,0
1220,1.602755,0
1221,1.6027435,0
1222,1.602732,0
1223,1.602720667,0
1224,1.602709333,0
1225,1.602698,0
1226,1.602686667,0
1227,1.602675333,0
1228,1.602664,0
1229,1.602652833,0
1230,1.602641667,0
1231,1.6026305,0
1232,1.602619333,0
1233,1.602608167,0
1234,1.602597,0
1235,1.602585833,0
1236,1.602574667,0
1237,1.6025635,0
1238,1.602552333,0
1239,1.602541167,0
1240,1.60253,0
1241,1.602519167,0
1242,1.602508333,0
1243,1.6024975,0
1244,1.602486667,0
1245,1.602475833,0
1246,1.602465,0
1247,1.602454167,0
1248,1.602443333,0
1249,1.6024325,0
1250,1.602421667,0
1251,1.602410833,0
1252,1.6024,0
1253,1.6023895,0
1254,1.602379,0
1255,1.6023685,0
1256,1.602358,0
1257,1.6023475,0
1258,1.602337,0
1259,1.6023265,0
1260,1.602316,0
1261,1.6023055,0
1262,1.602295,0
1263,1.6022845,0
1264,1.602274,0
1265,1.602263667,0
1266,1.602253333,0
1267,1.602243,0
1268,1.602232667,0
1269,1.602222333,0
1270,1.602212,0
1271,1.602201833,0
1272,1.602191667,0
1273,1.6021815,0
1274,1.602171333,0
1275,1.602161167,0
1276,1.602151,0
1277,1.602141,0
1278,1.602131,0
1279,1.602121,0
1280,1.602111,0
1281,1.602101,0
1282,1.602091,0
1283,1.602081167,0
1284,1.602071333,0
1285,1.6020615,0
1286,1.602051667,0
1287,1.602041833,0
1288,1.602032,0
1289,1.602022167,0
1290,1.602012333,0
1291,1.6020025,0
1292,1.601992667,0
1293,1.601982833,0
1294,1.601973,0
1295,1.6019635,0
1296,1.601954,0
1297,1.6019445,0
1298,1.601935,0
1299,1.6019255,0
1300,1.601916,0
1301,1.6019065,0
1302,1.601897,0
1303,1.6018875,0
1304,1.601878,0
1305,1.6018685,0
1306,1.601859,0
1307,1.601849667,0
1308,1.601840333,0
1309,1.601831,0
1310,1.601821667,0
1311,1.601812333,0
1312,1.601803,0
1313,1.601793833,0
1314,1.601784667,0
1315,1.6017755,0
1316,1.601766333,0
1317,1.601757167,0
1318,1.601748,0
1319,1.601738833,0
1320,1.601729667,0
1321,1.6017205,0
1322,1.601711333,0
1323,1.601702167,0
1324,1.601693,0
1325,1.601684,0
1326,1.601675,0
1327,1.601666,0
1328,1.601657,0
1329,1.601648,0
1330,1.601639,0
1331,1.601630167,0
1332,1.601621333,0
1333,1.6016125,0
1334,1.601603667,0
1335,1.601594833,0
1336,1.601586,0
1337,1.601577333,0
1338,1.601568667,0
1339,1.60156,0
1340,1.601551333,0
1341,1.601542667,0
1342,1.601534,0
1343,1.601525333,0
1344,1.601516667,0
1345,1.601508,0
1346,1.601499333,0
1347,1.601490667,0
1348,1.601482,0
1349,1.6014735,0
1350,1.601465,0
1351,1.6014565,0
1352,1.601448,0
1353,1.6014395,0
1354,1.601431,0
1355,1.6014225,0
1356,1.601414,0
1357,1.6014055,0
1358,1.601397,0
1359,1.6013885,0
1360,1.60138,0
1361,1.601371833,0
1362,1.601363667,0
1363,1.6013555,0
1364,1.601347333,0
1365,1.601339167,0
1366,1.601331,0
1367,1.601322833,0
1368,1.601314667,0
1369,1.6013065,0
1370,1.601298333,0
1371,1.601290167,0
1372,1.601282,0
1373,1.601273833,0
1374,1.601265667,0
1375,1.6012575,0
1376,1.601249333,0
1377,1.601241167,0
1378,1.601233,0
1379,1.601225,0
1380,1.601217,0
1381,1.601209,0
1382,1.601201,0
1383,1.601193,0
1384,1.601185,0
1385,1.601177167,0
1386,1.601169333,0
1387,1.6011615,0
1388,1.601153667,0
1389,1.601145833,0
1390,1.601138,0
1391,1.601130333,0
1392,1.601122667,0
1393,1.601115,0
1394,1.601107333,0
1395,1.601099667,0
1396,1.601092,0
1397,1.601084167,0
1398,1.601076333,0
1399,1.6010685,0
1400,1.601060667,0
1401,1.601052833,0
1402,1.601045,0
1403,1.6010375,0
1404,1.60103,0
1405,1.6010225,0
1406,1.601015,0
1407,1.6010075,0
1408,1.601,0
1409,1.6009925,0
1410,1.600985,0
1411,1.6009775,0
1412,1.60097,0
1413,1.6009625,0
1414,1.600955,0
1415,1.600947667,0
1416,1.600940333,0
1417,1.600933,0
1418,1.600925667,0
1419,1.600918333,0
1420,1.600911,0
1421,1.600903667,0
1422,1.600896333,0
1423,1.600889,0
1424,1.600881667,0
1425,1.600874333,0
1426,1.600867,0
1427,1.600859833,0
1428,1.600852667,0
1429,1.6008455,0
1430,1.600838333,0
1431,1.600831167,0
1432,1.600824,0
1433,1.600816833,0
1434,1.600809667,0
1435,1.6008025,0
1436,1.600795333,0
1437,1.600788167,0
1438,1.600781,0
1439,1.600774,0
1440,1.600767,0
1441,1.60076,0
1442,1.600753,0
1443,1.600746,0
1444,1.600739,0
1445,1.600732167,0
1446,1.600725333,0
1447,1.6007185,0
1448,1.600711667,0
1449,1.600704833,0
1450,1.600698,0
1451,1.600691167,0
1452,1.600684333,0
1453,1.6006775,0
1454,1.600670667,0
1455,1.600663833,0
1456,1.600657,0
1457,1.600650167,0
1458,1.600643333,0
1459,1.6006365,0
1460,1.600629667,0
1461,1.600622833,0
1462,1.600616,0
1463,1.600609333,0
1464,1.600602667,0
1465,1.600596,0
1466,1.600589333,0
1467,1.600582667,0
1468,1.600576,0
1469,1.600569333,0
1470,1.600562667,0
1471,1.600556,0
1472,1.600549333,0
1473,1.600542667,0
1474,1.600536,0
1475,1.6005295,0
1476,1.600523,0
1477,1.6005165,0
1478,1.60051,0
1479,1.6005035,0
1480,1.600497,0
1481,1.600490667,0
1482,1.600484333,0
1483,1.600478,0
1484,1.600471667,0
1485,1.600465333,0
1486,1.600459,0
1487,1.6004525,0
1488,1.600446,0
1489,1.6004395,0
1490,1.600433,0
1491,1.6004265,0
1492,1.60042,0
1493,1.600413667,0
1494,1.600407333,0
1495,1.600401,0
1496,1.600394667,0
1497,1.600388333,0
1498,1.600382,0
1499,1.600375833,0
1500,1.600369667,0
1501,1.6003635,0
1502,1.600357333,0
1503,1.600351167,0
1504,1.600345,0
1505,1.600338833,0
1506,1.600332667,0
1507,1.6003265,0
1508,1.600320333,0
1509,1.600314167,0
1510,1.600308,0
1511,1.600302,0
1512,1.600296,0
1513,1.60029,0
1514,1.600284,0
1515,1.600278,0
1516,1.600272,0
1517,1.600266,0
1518,1.60026,0
1519,1.600254,0
1520,1.600248,0
1521,1.600242,0
1522,1.600236,0
1523,1.60023,0
1524,1.600224,0
1525,1.600218,0
1526,1.600212,0
1527,1.600206,0
1528,1.6002,0
1529,1.600194167,0
1530,1.600188333,0
1531,1.6001825,0
1532,1.600176667,0
1533,1.600170833,0
1534,1.600165,0
1535,1.600159167,0
1536,1.600153333,0
1537,1.6001475,0
1538,1.600141667,0
1539,1.600135833,0
1540,1.60013,0
1541,1.600124333,0
1542,1.600118667,0
1543,1.600113,0
1544,1.600107333,0
1545,1.600101667,0
1546,1.600096,0
1547,1.600090333,0
1548,1.600084667,0
1549,1.600079,0
1550,1.600073333,0
1551,1.600067667,0
1552,1.600062,0
1553,1.6000565,0
1554,1.600051,0
1555,1.6000455,0
1556,1.60004,0
1557,1.6000345,0
1558,1.600029,0
1559,1.600023333,0
1560,1.600017667,0
1561,1.600012,0
1562,1.600006333,0
1563,1.600000667,0
1564,1.599995,0
1565,1.599989667,0
1566,1.599984333,0
1567,1.599979,0
1568,1.599973667,0
1569,1.599968333,0
1570,1.599963,0
1571,1.5999575,0
1572,1.599952,0
1573,1.5999465,0
1574,1.599941,0
1575,1.5999355,0
1576,1.59993,0
1577,1.599924667,0
1578,1.599919333,0
1579,1.599914,0
1580,1.599908667,0
1581,1.599903333,0
1582,1.599898,0
1583,1.599892667,0
1584,1.599887333,0
1585,1.599882,0
1586,1.599876667,0
1587,1.599871333,0
1588,1.599866,0
1589,1.599860833,0
1590,1.599855667,0
1591,1.5998505,0
1592,1.599845333,0
1593,1.599840167,0
1594,1.599835,0
1595,1.599829833,0
1596,1.599824667,0
1597,1.5998195,0
1598,1.599814333,0
1599,1.599809167,0
1600,1.599804,0
1601,1.599798833,0
1602,1.599793667,0
1603,1.5997885,0
1604,1.599783333,0
1605,1.599778167,0
1606,1.599773,0
1607,1.599768,0
1608,1.599763,0
1609,1.599758,0
1610,1.599753,0
1611,1.599748,0
1612,1.599743,0
1613,1.599738,0
1614,1.599733,0
1615,1.599728,0
1616,1.599723,0
1617,1.599718,0
1618,1.599713,0
1619,1.599708,0
1620,1.599703,0
1621,1.599698,0
1622,1.599693,0
1623,1.599688,0
1624,1.599683,0
1625,1.599678167,0
1626,1.599673333,0
1627,1.5996685,0
1628,1.599663667,0
1629,1.599658833,0
1630,1.599654,0
1631,1.599649167,0
1632,1.599644333,0
1633,1.5996395,0
1634,1.599634667,0
1635,1.599629833,0
1636,1.599625,0
1637,1.599620167,0
1638,1.599615333,0
1639,1.5996105,0
1640,1.599605667,0
1641,1.599600833,0
1642,1.599596,0
1643,1.599591333,0
1644,1.599586667,0
1645,1.599582,0
1646,1.599577333,0
1647,1.599572667,0
1648,1.599568,0
1649,1.599563333,0
1650,1.599558667,0
1651,1.599554,0
1652,1.599549333,0
1653,1.599544667,0
1654,1.59954,0
1655,1.599535333,0
1656,1.599530667,0
1657,1.599526,0
1658,1.599521333,0
1659,1.599516667,0
1660,1.599512,0
1661,1.5995075,0
1662,1.599503,0
1663,1.5994985,0
1664,1.599494,0
1665,1.5994895,0
1666,1.599485,0
1667,1.5994805,0
1668,1.599476,0
1669,1.5994715,0
1670,1.599467,0
1671,1.5994625,0
1672,1.599458,0
1673,1.5994535,0
1674,1.599449,0
1675,1.5994445,0
1676,1.59944,0
1677,1.5994355,0
1678,1.599431,0
1679,1.5994265,0
1680,1.599422,0
1681,1.5994175,0
1682,1.599413,0
1683,1.5994085,0
1684,1.599404,0
1685,1.599399667,0
1686,1.599395333,0
1687,1.599391,0
1688,1.599386667,0
1689,1.599382333,0
1690,1.599378,0
1691,1.599373667,0
1692,1.599369333,0
1693,1.599365,0
1694,1.599360667,0
1695,1.599356333,0
1696,1.599352,0
1697,1.599347667,0
1698,1.599343333,0
1699,1.599339,0
1700,1.599334667,0
1701,1.599330333,0
1702,1.599326,0
1703,1.599321833,0
1704,1.599317667,0
1705,1.5993135,0
1706,1.599309333,0
1707,1.599305167,0
1708,1.599301,0
1709,1.599296667,0
1710,1.599292333,0
1711,1.599288,0
1712,1.599283667,0
1713,1.599279333,0
1714,1.599275,0
1715,1.599270833,0
1716,1.599266667,0
1717,1.5992625,0
1718,1.599258333,0
1719,1.599254167,0
1720,1.59925,0
1721,1.599246,0
1722,1.599242,0
1723,1.599238,0
1724,1.599234,0
1725,1.59923,0
1726,1.599226,0
1727,1.599221833,0
1728,1.599217667,0
1729,1.5992135,0
1730,1.599209333,0
1731,1.599205167,0
1732,1.599201,0
1733,1.599197,0
1734,1.599193,0
1735,1.599189,0
1736,1.599185,0
1737,1.599181,0
1738,1.599177,0
1739,1.599173,0
1740,1.599169,0
1741,1.599165,0
1742,1.599161,0
1743,1.599157,0
1744,1.599153,0
1745,1.599149,0
1746,1.599145,0
1747,1.599141,0
1748,1.599137,0
1749,1.599133,0
1750,1.599129,0
1751,1.599125167,0
1752,1.599121333,0
1753,1.5991175,0
1754,1.599113667,0
1755,1.599109833,0
1756,1.599106,0
1757,1.599102,0
1758,1.599098,0
1759,1.599094,0
1760,1.59909,0
1761,1.599086,0
1762,1.599082,0
1763,1.599078333,0
1764,1.599074667,0
1765,1.599071,0
1766,1.599067333,0
1767,1.599063667,0
1768,1.59906,0
1769,1.599056167,0
1770,1.599052333,0
1771,1.5990485,0
1772,1.599044667,0
1773,1.599040833,0
1774,1.599037,0
1775,1.599033167,0
1776,1.599029333,0
1777,1.5990255,0
1778,1.599021667,0
1779,1.599017833,0
1780,1.599014,0
1781,1.599010333,0
1782,1.599006667,0
1783,1.599003,0
1784,1.598999333,0
1785,1.598995667,0
1786,1.598992,0
1787,1.598988333,0
1788,1.598984667,0
1789,1.598981,0
1790,1.598977333,0
1791,1.598973667,0
1792,1.59897,0
1793,1.598966333,0
1794,1.598962667,0
1795,1.598959,0
1796,1.598955333,0
1797,1.598951667,0
1798,1.598948,0
1799,1.598944333,0
1800,1.598940667,0
1801,1.598937,0
1802,1.598933333,0
1803,1.598929667,0
1804,1.598926,0
1805,1.5989225,0
1806,1.598919,0
1807,1.5989155,0
1808,1.598912,0
1809,1.5989085,0
1810,1.598905,0
1811,1.5989015,0
1812,1.598898,0
1813,1.5988945,0
1814,1.598891,0
1815,1.5988875,0
1816,1.598884,0
1817,1.5988805,0
1818,1.598877,0
1819,1.5988735,0
1820,1.59887,0
1821,1.5988665,0
1822,1.598863,0
1823,1.5988595,0
1824,1.598856,0
1825,1.5988525,0
1826,1.598849,0
1827,1.5988455,0
1828,1.598842,0
1829,1.5988385,0
1830,1.598835,0
1831,1.5988315,0
1832,1.598828,0
1833,1.5988245,0
1834,1.598821,0
1835,1.598817667,0
1836,1.598814333,0
1837,1.598811,0
1838,1.598807667,0
1839,1.598804333,0
1840,1.598801,0
1841,1.598797667,0
1842,1.598794333,0
1843,1.598791,0
1844,1.598787667,0
1845,1.598784333,0
1846,1.598781,0
1847,1.598777667,0
1848,1.598774333,0
1849,1.598771,0
1850,1.598767667,0
1851,1.598764333,0
1852,1.598761,0
1853,1.598757667,0
1854,1.598754333,0
1855,1.598751,0
1856,1.598747667,0
1857,1.598744333,0
1858,1.598741,0
1859,1.598737667,0
1860,1.598734333,0
1861,1.598731,0
1862,1.598727667,0
1863,1.598724333,0
1864,1.598721,0
1865,1.598717833,0
1866,1.598714667,0
1867,1.5987115,0
1868,1.598708333,0
1869,1.598705167,0
1870,1.598702,0
1871,1.598698833,0
1872,1.598695667,0
1873,1.5986925,0
1874,1.598689333,0
1875,1.598686167,0
1876,1.598683,0
1877,1.598679667,0
1878,1.598676333,0
1879,1.598673,0
1880,1.598669667,0
1881,1.598666333,0
1882,1.598663,0
1883,1.598659833,0
1884,1.598656667,0
1885,1.5986535,0
1886,1.598650333,0
1887,1.598647167,0
1888,1.598644,0
1889,1.598641,0
1890,1.598638,0
1891,1.598635,0
1892,1.598632,0
1893,1.598629,0
1894,1.598626,0
1895,1.598622833,0
1896,1.598619667,0
1897,1.5986165,0
1898,1.598613333,0
1899,1.598610167,0
1900,1.598607,0
1901,1.598604,0
1902,1.598601,0
1903,1.598598,0
1904,1.598595,0
1905,1.598592,0
1906,1.598589,0
1907,1.598586,0
1908,1.598583,0
1909,1.59858,0
1910,1.598577,0
1911,1.598574,0
1912,1.598571,0
1913,1.598568,0
1914,1.598565,0
1915,1.598562,0
1916,1.598559,0
1917,1.598556,0
1918,1.598553,0
1919,1.59855,0
1920,1.598547,0
1921,1.598544,0
1922,1.598541,0
1923,1.598538,0
1924,1.598535,0
1925,1.598532,0
1926,1.598529,0
1927,1.598526,0
1928,1.598523,0
1929,1.59852,0
1930,1.598517,0
1931,1.598514167,0
1932,1.598511333,0
1933,1.5985085,0
1934,1.598505667,0
1935,1.598502833,0
1936,1.5985,0
1937,1.598497,0
1938,1.598494,0
1939,1.598491,0
1940,1.598488,0
1941,1.598485,0
1942,1.598482,0
1943,1.598479167,0
1944,1.598476333,0
1945,1.5984735,0
1946,1.598470667,0
1947,1.598467833,0
1948,1.598465,0
1949,1.598462167,0
1950,1.598459333,0
1951,1.5984565,0
1952,1.598453667,0
1953,1.598450833,0
1954,1.598448,0
1955,1.598445167,0
1956,1.598442333,0
1957,1.5984395,0
1958,1.598436667,0
1959,1.598433833,0
1960,1.598431,0
1961,1.598428167,0
1962,1.598425333,0
1963,1.5984225,0
1964,1.598419667,0
1965,1.598416833,0
1966,1.598414,0
1967,1.598411333,0
1968,1.598408667,0
1969,1.598406,0
1970,1.598403333,0
1971,1.598400667,0
1972,1.598398,0
1973,1.598395167,0
1974,1.598392333,0
1975,1.5983895,0
1976,1.598386667,0
1977,1.598383833,0
1978,1.598381,0
1979,1.598378333,0
1980,1.598375667,0
1981,1.598373,0
1982,1.598370333,0
1983,1.598367667,0
1984,1.598365,0
1985,1.598362333,0
1986,1.598359667,0
1987,1.598357,0
1988,1.598354333,0
1989,1.598351667,0
1990,1.598349,0
1991,1.598346333,0
1992,1.598343667,0
1993,1.598341,0
1994,1.598338333,0
1995,1.598335667,0
1996,1.598333,0
1997,1.598330333,0
1998,1.598327667,0
1999,1.598325,0
2000,1.598322333,0
2001,1.598319667,0
2002,1.598317,0
2003,1.598314333,0
2004,1.598311667,0
2005,1.598309,0
2006,1.598306333,0
2007,1.598303667,0
2008,1.598301,0
2009,1.5982985,0
2010,1.598296,0
2011,1.5982935,0
2012,1.598291,0
2013,1.5982885,0
2014,1.598286,0
2015,1.598283333,0
2016,1.598280667,0
2017,1.598278,0
2018,1.598275333,0
2019,1.598272667,0
2020,1.59827,0
2021,1.5982675,0
2022,1.598265,0
2023,1.5982625,0
2024,1.59826,0
2025,1.5982575,0
2026,1.598255,0
2027,1.5982525,0
2028,1.59825,0
2029,1.5982475,0
2030,1.598245,0
2031,1.5982425,0
2032,1.59824,0
2033,1.5982375,0
2034,1.598235,0
2035,1.5982325,0
2036,1.59823,0
2037,1.5982275,0
2038,1.598225,0
2039,1.5982225,0
2040,1.59822,0
2041,1.5982175,0
2042,1.598215,0
2043,1.5982125,0
2044,1.59821,0
2045,1.5982075,0
2046,1.598205,0
2047,1.5982025,0
2048,1.5982,0
2049,1.5981975,0
2050,1.598195,0
2051,1.598192667,0
2052,1.598190333,0
2053,1.598188,0
2054,1.598185667,0
2055,1.598183333,0
2056,1.598181,0
2057,1.5981785,0
2058,1.598176,0
2059,1.5981735,0
2060,1.598171,0
2061,1.5981685,0
2062,1.598166,0
2063,1.598163667,0
2064,1.598161333,0
2065,1.598159,0
2066,1.598156667,0
2067,1.598154333,0
2068,1.598152,0
2069,1.5981495,0
2070,1.598147,0
2071,1.5981445,0
2072,1.598142,0
2073,1.5981395,0
2074,1.598137,0
2075,1.598134667,0
2076,1.598132333,0
2077,1.59813,0
2078,1.598127667,0
2079,1.598125333,0
2080,1.598123,0
2081,1.598120667,0
2082,1.598118333,0
2083,1.598116,0
2084,1.598113667,0
2085,1.598111333,0
2086,1.598109,0
2087,1.598106667,0
2088,1.598104333,0
2089,1.598102,0
2090,1.598099667,0
2091,1.598097333,0
2092,1.598095,0
2093,1.598092833,0
2094,1.598090667,0
2095,1.5980885,0
2096,1.598086333,0
2097,1.598084167,0
2098,1.598082,0
2099,1.598079667,0
2100,1.598077333,0
2101,1.598075,0
2102,1.598072667,0
2103,1.598070333,0
2104,1.598068,0
2105,1.598065833,0
2106,1.598063667,0
2107,1.5980615,0
2108,1.598059333,0
2109,1.598057167,0
2110,1.598055,0
2111,1.598052667,0
2112,1.598050333,0
2113,1.598048,0
2114,1.598045667,0
2115,1.598043333,0
2116,1.598041,0
2117,1.598038833,0
2118,1.598036667,0
2119,1.5980345,0
2120,1.598032333,0
2121,1.598030167,0
2122,1.598028,0
2123,1.598025833,0
2124,1.598023667,0
2125,1.5980215,0
2126,1.598019333,0
2127,1.598017167,0
2128,1.598015,0
2129,1.598012667,0
2130,1.598010333,0
2131,1.598008,0
2132,1.598005667,0
2133,1.598003333,0
2134,1.598001,0
2135,1.597998833,0
2136,1.597996667,0
2137,1.5979945,0
2138,1.597992333,0
2139,1.597990167,0
2140,1.597988,0
2141,1.597986,0
2142,1.597984,0
2143,1.597982,0
2144,1.59798,0
2145,1.597978,0
2146,1.597976,0
2147,1.597973833,0
2148,1.597971667,0
2149,1.5979695,0
2150,1.597967333,0
2151,1.597965167,0
2152,1.597963,0
2153,1.597960833,0
2154,1.597958667,0
2155,1.5979565,0
2156,1.597954333,0
2157,1.597952167,0
2158,1.59795,0
2159,1.597948,0
2160,1.597946,0
2161,1.597944,0
2162,1.597942,0
2163,1.59794,0
2164,1.597938,0
2165,1.597935833,0
2166,1.597933667,0
2167,1.5979315,0
2168,1.597929333,0
2169,1.597927167,0
2170,1.597925,0
2171,1.597923,0
2172,1.597921,0
2173,1.597919,0
2174,1.597917,0
2175,1.597915,0
2176,1.597913,0
2177,1.597911,0
2178,1.597909,0
2179,1.597907,0
2180,1.597905,0
2181,1.597903,0
2182,1.597901,0
2183,1.597898833,0
2184,1.597896667,0
2185,1.5978945,0
2186,1.597892333,0
2187,1.597890167,0
2188,1.597888,0
2189,1.597886,0
2190,1.597884,0
2191,1.597882,0
2192,1.59788,0
2193,1.597878,0
2194,1.597876,0
2195,1.597874,0
2196,1.597872,0
2197,1.59787,0
2198,1.597868,0
2199,1.597866,0
2200,1.597864,0
2201,1.597862167,0
2202,1.597860333,0
2203,1.5978585,0
2204,1.597856667,0
2205,1.597854833,0
2206,1.597853,0
2207,1.597851,0
2208,1.597849,0
2209,1.597847,0
2210,1.597845,0
2211,1.597843,0
2212,1.597841,0
2213,1.597839,0
2214,1.597837,0
2215,1.597835,0
2216,1.597833,0
2217,1.597831,0
2218,1.597829,0
2219,1.597827167,0
2220,1.597825333,0
2221,1.5978235,0
2222,1.597821667,0
2223,1.597819833,0
2224,1.597818,0
2225,1.597816,0
2226,1.597814,0
2227,1.597812,0
2228,1.59781,0
2229,1.597808,0
2230,1.597806,0
2231,1.597804167,0
2232,1.597802333,0
2233,1.5978005,0
2234,1.597798667,0
2235,1.597796833,0
2236,1.597795,0
2237,1.597793,0
2238,1.597791,0
2239,1.597789,0
2240,1.597787,0
2241,1.597785,0
2242,1.597783,0
2243,1.597781167,0
2244,1.597779333,0
2245,1.5977775,0
2246,1.597775667,0
2247,1.597773833,0
2248,1.597772,0
2249,1.597770167,0
2250,1.597768333,0
2251,1.5977665,0
2252,1.597764667,0
2253,1.597762833,0
2254,1.597761,0
2255,1.597759167,0
2256,1.597757333,0
2257,1.5977555,0
2258,1.597753667,0
2259,1.597751833,0
2260,1.59775,0
2261,1.597748167,0
2262,1.597746333,0
2263,1.5977445,0
2264,1.597742667,0
2265,1.597740833,0
2266,1.597739,0
2267,1.597737167,0
2268,1.597735333,0
2269,1.5977335,0
2270,1.597731667,0
2271,1.597729833,0
2272,1.597728,0
2273,1.597726333,0
2274,1.597724667,0
2275,1.597723,0
2276,1.597721333,0
2277,1.597719667,0
2278,1.597718,0
2279,1.597716167,0
2280,1.597714333,0
2281,1.5977125,0
2282,1.597710667,0
2283,1.597708833,0
2284,1.597707,0
2285,1.597705167,0
2286,1.597703333,0
2287,1.5977015,0
2288,1.597699667,0
2289,1.597697833,0
2290,1.597696,0
2291,1.597694333,0
2292,1.597692667,0
2293,1.597691,0
2294,1.597689333,0
2295,1.597687667,0
2296,1.597686,0
2297,1.597684167,0
2298,1.597682333,0
2299,1.5976805,0
2300,1.597678667,0
2301,1.597676833,0
2302,1.597675,0
2303,1.597673333,0
2304,1.597671667,0
2305,1.59767,0
2306,1.597668333,0
2307,1.597666667,0
2308,1.597665,0
2309,1.597663333,0
2310,1.597661667,0
2311,1.59766,0
2312,1.597658333,0
2313,1.597656667,0
2314,1.597655,0
2315,1.597653333,0
2316,1.597651667,0
2317,1.59765,0
2318,1.597648333,0
2319,1.597646667,0
2320,1.597645,0
2321,1.597643167,0
2322,1.597641333,0
2323,1.5976395,0
2324,1.597637667,0
2325,1.597635833,0
2326,1.597634,0
2327,1.597632333,0
2328,1.597630667,0
2329,1.597629,0
2330,1.597627333,0
2331,1.597625667,0
2332,1.597624,0
2333,1.597622333,0
2334,1.597620667,0
2335,1.597619,0
2336,1.597617333,0
2337,1.597615667,0
2338,1.597614,0
2339,1.5976125,0
2340,1.597611,0
2341,1.5976095,0
2342,1.597608,0
2343,1.5976065,0
2344,1.597605,0
2345,1.597603333,0
2346,1.597601667,0
2347,1.5976,0
2348,1.597598333,0
2349,1.597596667,0
2350,1.597595,0
2351,1.597593333,0
2352,1.597591667,0
2353,1.59759,0
2354,1.597588333,0
2355,1.597586667,0
2356,1.597585,0
2357,1.597583333,0
2358,1.597581667,0
2359,1.59758,0
2360,1.597578333,0
2361,1.597576667,0
2362,1.597575,0
2363,1.5975735,0
2364,1.597572,0
2365,1.5975705,0
2366,1.597569,0
2367,1.5975675,0
2368,1.597566,0
2369,1.597564333,0
2370,1.597562667,0
2371,1.597561,0
2372,1.597559333,0
2373,1.597557667,0
2374,1.597556,0
2375,1.5975545,0
2376,1.597553,0
2377,1.5975515,0
2378,1.59755,0
2379,1.5975485,0
2380,1.597547,0
2381,1.5975455,0
2382,1.597544,0
2383,1.5975425,0
2384,1.597541,0
2385,1.5975395,0
2386,1.597538,0
2387,1.597536333,0
2388,1.597534667,0
2389,1.597533,0
2390,1.597531333,0
2391,1.597529667,0
2392,1.597528,0
2393,1.5975265,0
2394,1.597525,0
2395,1.5975235,0
2396,1.597522,0
2397,1.5975205,0
2398,1.597519,0
2399,1.5975175,0
2400,1.597516,0
2401,1.5975145,0
2402,1.597513,0
2403,1.5975115,0
2404,1.59751,0
2405,1.5975085,0
2406,1.597507,0
2407,1.5975055,0
2408,1.597504,0
2409,1.5975025,0
2410,1.597501,0
2411,1.5974995,0
2412,1.597498,0
2413,1.5974965,0
2414,1.597495,0
2415,1.5974935,0
2416,1.597492,0
2417,1.5974905,0
2418,1.597489,0
2419,1.5974875,0
2420,1.597486,0
2421,1.5974845,0
2422,1.597483,0
2423,1.5974815,0
2424,1.59748,0
2425,1.5974785,0
2426,1.597477,0
2427,1.5974755,0
2428,1.597474,0
2429,1.5974725,0
2430,1.597471,0
2431,1.5974695,0
2432,1.597468,0
2433,1.5974665,0
2434,1.597465,0
2435,1.5974635,0
2436,1.597462,0
2437,1.5974605,0
2438,1.597459,0
2439,1.5974575,0
2440,1.597456,0
2441,1.597454667,0
2442,1.597453333,0
2443,1.597452,0
2444,1.597450667,0
2445,1.597449333,0
2446,1.597448,0
2447,1.5974465,0
2448,1.597445,0
2449,1.5974435,0
2450,1.597442,0
2451,1.5974405,0
2452,1.597439,0
2453,1.5974375,0
2454,1.597436,0
2455,1.5974345,0
2456,1.597433,0
2457,1.5974315,0
2458,1.59743,0
2459,1.597428667,0
2460,1.597427333,0
2461,1.597426,0
2462,1.597424667,0
2463,1.597423333,0
2464,1.597422,0
2465,1.5974205,0
2466,1.597419,0
2467,1.5974175,0
2468,1.597416,0
2469,1.5974145,0
2470,1.597413,0
2471,1.597411667,0
2472,1.597410333,0
2473,1.597409,0
2474,1.597407667,0
2475,1.597406333,0
2476,1.597405,0
2477,1.597403667,0
2478,1.597402333,0
2479,1.597401,0
2480,1.597399667,0
2481,1.597398333,0
2482,1.597397,0
2483,1.5973955,0
2484,1.597394,0
2485,1.5973925,0
2486,1.597391,0
2487,1.5973895,0
2488,1.597388,0
2489,1.597386667,0
2490,1.597385333,0
2491,1.597384,0
2492,1.597382667,0
2493,1.597381333,0
2494,1.59738,0
2495,1.597378667,0
2496,1.597377333,0
2497,1.597376,0
2498,1.597374667,0
2499,1.597373333,0
2500,1.597372,0