wl,n,k
0.3000000000,3.1260590000,2.4912410000
0.3010000000,3.1326750000,2.4765250000
0.3020000000,3.1384450000,2.4618920000
0.3030000000,3.1433750000,2.4473870000
0.3040000000,3.1474730000,2.4330510000
0.3050000000,3.1507450000,2.4189260000
0.3060000000,3.1532040000,2.4050540000
0.3070000000,3.1548600000,2.3914740000
0.3080000000,3.1557270000,2.3782290000
0.3090000000,3.1558220000,2.3653570000
0.3100000000,3.1551600000,2.3528990000
0.3110000000,3.1537600000,2.3408950000
0.3120000000,3.1516420000,2.3293810000
0.3130000000,3.1488230000,2.3183990000
0.3140000000,3.1453280000,2.3079900000
0.3150000000,3.1411790000,2.2981960000
0.3160000000,3.1364020000,2.2890580000
0.3170000000,3.1310270000,2.2806210000
0.3180000000,3.1250830000,2.2729320000
0.3190000000,3.1186050000,2.2660390000
0.3200000000,3.1116310000,2.2599940000
0.3210000000,3.1042040000,2.2548530000
0.3220000000,3.0963770000,2.2506790000
0.3230000000,3.0882110000,2.2475380000
0.3240000000,3.0797790000,2.2455070000
0.3250000000,3.0711750000,2.2446670000
0.3260000000,3.0625190000,2.2451130000
0.3270000000,3.0539680000,2.2469410000
0.3280000000,3.0457320000,2.2502540000
0.3290000000,3.0380930000,2.2551440000
0.3300000000,3.0314370000,2.2616750000
0.3310000000,3.0262860000,2.2698270000
0.3320000000,3.0233240000,2.2794160000
0.3330000000,3.0233980000,2.2899430000
0.3340000000,3.0274050000,2.3003600000
0.3350000000,3.0359560000,2.3088300000
0.3360000000,3.0486800000,2.3126940000
0.3370000000,3.0633290000,2.3091400000
0.3380000000,3.0755490000,2.2968690000
0.3390000000,3.0804470000,2.2777890000
0.3400000000,3.0753530000,2.2566690000
0.3410000000,3.0611220000,2.2385150000
0.3420000000,3.0408350000,2.2262750000
0.3430000000,3.0177340000,2.2205840000
0.3440000000,2.9941360000,2.2207240000
0.3450000000,2.9713480000,2.2255620000
0.3460000000,2.9499640000,2.2340360000
0.3470000000,2.9301790000,2.2453130000
0.3480000000,2.9119910000,2.2587870000
0.3490000000,2.8953200000,2.2740360000
0.3500000000,2.8800680000,2.2907690000
0.3510000000,2.8661400000,2.3087840000
0.3520000000,2.8534570000,2.3279400000
0.3530000000,2.8419590000,2.3481370000
0.3540000000,2.8316050000,2.3692980000
0.3550000000,2.8223680000,2.3913680000
0.3560000000,2.8142320000,2.4142980000
0.3570000000,2.8071950000,2.4380490000
0.3580000000,2.8012640000,2.4625830000
0.3590000000,2.7964500000,2.4878640000
0.3600000000,2.7927730000,2.5138560000
0.3610000000,2.7902570000,2.5405220000
0.3620000000,2.7889300000,2.5678210000
0.3630000000,2.7888300000,2.5957080000
0.3640000000,2.7899840000,2.6241080000
0.3650000000,2.7923820000,2.6529730000
0.3660000000,2.7960450000,2.6822730000
0.3670000000,2.8009980000,2.7119660000
0.3680000000,2.8072680000,2.7420060000
0.3690000000,2.8148830000,2.7723470000
0.3700000000,2.8238710000,2.8029330000
0.3710000000,2.8342600000,2.8337100000
0.3720000000,2.8460770000,2.8646140000
0.3730000000,2.8593390000,2.8955790000
0.3740000000,2.8740690000,2.9265430000
0.3750000000,2.8902850000,2.9574370000
0.3760000000,2.9080060000,2.9881880000
0.3770000000,2.9272470000,3.0187190000
0.3780000000,2.9480190000,3.0489470000
0.3790000000,2.9703280000,3.0787890000
0.3800000000,2.9941760000,3.1081550000
0.3810000000,3.0195610000,3.1369520000
0.3820000000,3.0464720000,3.1650860000
0.3830000000,3.0748920000,3.1924580000
0.3840000000,3.1047980000,3.2189660000
0.3850000000,3.1361580000,3.2445080000
0.3860000000,3.1689300000,3.2689790000
0.3870000000,3.2030640000,3.2922750000
0.3880000000,3.2384990000,3.3142910000
0.3890000000,3.2751640000,3.3349250000
0.3900000000,3.3129770000,3.3540760000
0.3910000000,3.3518430000,3.3716490000
0.3920000000,3.3916570000,3.3875540000
0.3930000000,3.4323040000,3.4017070000
0.3940000000,3.4736540000,3.4140330000
0.3950000000,3.5155700000,3.4244700000
0.3960000000,3.5579040000,3.4329660000
0.3970000000,3.6005000000,3.4394830000
0.3980000000,3.6431940000,3.4440000000
0.3990000000,3.6858170000,3.4465110000
0.4000000000,3.7281970000,3.4470290000
0.4010000000,3.7701620000,3.4455870000
0.4020000000,3.8115400000,3.4422350000
0.4030000000,3.8521640000,3.4370460000
0.4040000000,3.8918730000,3.4301110000
0.4050000000,3.9305180000,3.4215380000
0.4060000000,3.9679580000,3.4114570000
0.4070000000,4.0040720000,3.4000090000
0.4080000000,4.0387510000,3.3873530000
0.4090000000,4.0719080000,3.3736590000
0.4100000000,4.1034760000,3.3591060000
0.4110000000,4.1334070000,3.3438810000
0.4120000000,4.1616790000,3.3281720000
0.4130000000,4.1882890000,3.3121700000
0.4140000000,4.2132580000,3.2960650000
0.4150000000,4.2366290000,3.2800410000
0.4160000000,4.2584640000,3.2642740000
0.4170000000,4.2788470000,3.2489320000
0.4180000000,4.2978770000,3.2341700000
0.4190000000,4.3156710000,3.2201300000
0.4200000000,4.3323610000,3.2069380000
0.4210000000,4.3480880000,3.1947050000
0.4220000000,4.3630080000,3.1835230000
0.4230000000,4.3772810000,3.1734670000
0.4240000000,4.3910760000,3.1645930000
0.4250000000,4.4045640000,3.1569380000
0.4260000000,4.4179200000,3.1505190000
0.4270000000,4.4313160000,3.1453360000
0.4280000000,4.4449260000,3.1413690000
0.4290000000,4.4589190000,3.1385790000
0.4300000000,4.4734590000,3.1369120000
0.4310000000,4.4887020000,3.1362950000
0.4320000000,4.5047970000,3.1366390000
0.4330000000,4.5218830000,3.1378400000
0.4340000000,4.5400880000,3.1397780000
0.4350000000,4.5595270000,3.1423230000
0.4360000000,4.5803020000,3.1453300000
0.4370000000,4.6024970000,3.1486450000
0.4380000000,4.6261850000,3.1521020000
0.4390000000,4.6514170000,3.1555300000
0.4400000000,4.6782290000,3.1587510000
0.4410000000,4.7066380000,3.1615810000
0.4420000000,4.7366410000,3.1638360000
0.4430000000,4.7682150000,3.1653290000
0.4440000000,4.8013180000,3.1658760000
0.4450000000,4.8358870000,3.1652960000
0.4460000000,4.8718410000,3.1634140000
0.4470000000,4.9090790000,3.1600620000
0.4480000000,4.9474790000,3.1550840000
0.4490000000,4.9869060000,3.1483360000
0.4500000000,5.0272060000,3.1396880000
0.4510000000,5.0682110000,3.1290260000
0.4520000000,5.1097410000,3.1162550000
0.4530000000,5.1516060000,3.1013020000
0.4540000000,5.1936060000,3.0841100000
0.4550000000,5.2355390000,3.0646500000
0.4560000000,5.2771970000,3.0429100000
0.4570000000,5.3183770000,3.0189060000
0.4580000000,5.3588740000,2.9926720000
0.4590000000,5.3984930000,2.9642660000
0.4600000000,5.4370460000,2.9337660000
0.4610000000,5.4743580000,2.9012700000
0.4620000000,5.5102640000,2.8668940000
0.4630000000,5.5446180000,2.8307660000
0.4640000000,5.5772890000,2.7930290000
0.4650000000,5.6081640000,2.7538380000
0.4660000000,5.6371510000,2.7133530000
0.4670000000,5.6641730000,2.6717410000
0.4680000000,5.6891750000,2.6291700000
0.4690000000,5.7121200000,2.5858110000
0.4700000000,5.7329880000,2.5418300000
0.4710000000,5.7517770000,2.4973920000
0.4720000000,5.7684990000,2.4526540000
0.4730000000,5.7831820000,2.4077660000
0.4740000000,5.7958640000,2.3628720000
0.4750000000,5.8065980000,2.3181040000
0.4760000000,5.8154420000,2.2735860000
0.4770000000,5.8224650000,2.2294290000
0.4780000000,5.8277400000,2.1857360000
0.4790000000,5.8313480000,2.1425990000
0.4800000000,5.8333700000,2.1000980000
0.4810000000,5.8338930000,2.0583040000
0.4820000000,5.8330010000,2.0172780000
0.4830000000,5.8307820000,1.9770710000
0.4840000000,5.8273210000,1.9377270000
0.4850000000,5.8227040000,1.8992800000
0.4860000000,5.8170120000,1.8617590000
0.4870000000,5.8103280000,1.8251830000
0.4880000000,5.8027270000,1.7895670000
0.4890000000,5.7942850000,1.7549200000
0.4900000000,5.7850730000,1.7212460000
0.4910000000,5.7751580000,1.6885450000
0.4920000000,5.7646060000,1.6568130000
0.4930000000,5.7534780000,1.6260410000
0.4940000000,5.7418290000,1.5962200000
0.4950000000,5.7297150000,1.5673360000
0.4960000000,5.7171850000,1.5393750000
0.4970000000,5.7042880000,1.5123200000
0.4980000000,5.6910650000,1.4861520000
0.4990000000,5.6775600000,1.4608540000
0.5000000000,5.6638080000,1.4364040000
0.5010000000,5.6498450000,1.4127820000
0.5020000000,5.6357050000,1.3899670000
0.5030000000,5.6214150000,1.3679380000
0.5040000000,5.6070050000,1.3466720000
0.5050000000,5.5925000000,1.3261490000
0.5060000000,5.5779220000,1.3063460000
0.5070000000,5.5632920000,1.2872430000
0.5080000000,5.5486320000,1.2688190000
0.5090000000,5.5339570000,1.2510530000
0.5100000000,5.5192850000,1.2339240000
0.5110000000,5.5046310000,1.2174140000
0.5120000000,5.4900070000,1.2015020000
0.5130000000,5.4754260000,1.1861700000
0.5140000000,5.4608980000,1.1714000000
0.5150000000,5.4464350000,1.1571730000
0.5160000000,5.4320440000,1.1434730000
0.5170000000,5.4177350000,1.1302830000
0.5180000000,5.4035130000,1.1175870000
0.5190000000,5.3893860000,1.1053680000
0.5200000000,5.3753590000,1.0936140000
0.5210000000,5.3614370000,1.0823080000
0.5220000000,5.3476250000,1.0714360000
0.5230000000,5.3339270000,1.0609870000
0.5240000000,5.3203460000,1.0509460000
0.5250000000,5.3068850000,1.0413010000
0.5260000000,5.2935470000,1.0320410000
0.5270000000,5.2803340000,1.0231540000
0.5280000000,5.2672480000,1.0146290000
0.5290000000,5.2542900000,1.0064560000
0.5300000000,5.2414620000,0.9986243000
0.5310000000,5.2287640000,0.9911251000
0.5320000000,5.2161970000,0.9839489000
0.5330000000,5.2037620000,0.9770872000
0.5340000000,5.1914590000,0.9705315000
0.5350000000,5.1792880000,0.9642739000
0.5360000000,5.1672490000,0.9583069000
0.5370000000,5.1553420000,0.9526232000
0.5380000000,5.1435670000,0.9472161000
0.5390000000,5.1319230000,0.9420790000
0.5400000000,5.1204100000,0.9372058000
0.5410000000,5.1090270000,0.9325906000
0.5420000000,5.0977740000,0.9282280000
0.5430000000,5.0866490000,0.9241126000
0.5440000000,5.0756530000,0.9202397000
0.5450000000,5.0647830000,0.9166046000
0.5460000000,5.0540400000,0.9132030000
0.5470000000,5.0434230000,0.9100308000
0.5480000000,5.0329300000,0.9070842000
0.5490000000,5.0225600000,0.9043599000
0.5500000000,5.0123130000,0.9018545000
0.5510000000,5.0021880000,0.8995651000
0.5520000000,4.9921840000,0.8974890000
0.5530000000,4.9823000000,0.8956237000
0.5540000000,4.9725340000,0.8939670000
0.5550000000,4.9628870000,0.8925171000
0.5560000000,4.9533570000,0.8912722000
0.5570000000,4.9439440000,0.8902309000
0.5580000000,4.9346460000,0.8893920000
0.5590000000,4.9254630000,0.8887546000
0.5600000000,4.9163950000,0.8883180000
0.5610000000,4.9074400000,0.8880819000
0.5620000000,4.8985990000,0.8880460000
0.5630000000,4.8898710000,0.8882105000
0.5640000000,4.8812550000,0.8885757000
0.5650000000,4.8727510000,0.8891424000
0.5660000000,4.8643600000,0.8899114000
0.5670000000,4.8560800000,0.8908840000
0.5680000000,4.8479130000,0.8920618000
0.5690000000,4.8398590000,0.8934464000
0.5700000000,4.8319170000,0.8950402000
0.5710000000,4.8240890000,0.8968455000
0.5720000000,4.8163750000,0.8988652000
0.5730000000,4.8087760000,0.9011024000
0.5740000000,4.8012930000,0.9035607000
0.5750000000,4.7939290000,0.9062439000
0.5760000000,4.7866840000,0.9091563000
0.5770000000,4.7795610000,0.9123028000
0.5780000000,4.7725620000,0.9156883000
0.5790000000,4.7656890000,0.9193187000
0.5800000000,4.7589470000,0.9231998000
0.5810000000,4.7523370000,0.9273385000
0.5820000000,4.7458660000,0.9317417000
0.5830000000,4.7395360000,0.9364173000
0.5840000000,4.7333540000,0.9413735000
0.5850000000,4.7273250000,0.9466193000
0.5860000000,4.7214560000,0.9521641000
0.5870000000,4.7157550000,0.9580184000
0.5880000000,4.7102290000,0.9641931000
0.5890000000,4.7048890000,0.9706999000
0.5900000000,4.6997450000,0.9775516000
0.5910000000,4.6948100000,0.9847613000
0.5920000000,4.6900970000,0.9923436000
0.5930000000,4.6856200000,1.0003140000
0.5940000000,4.6813980000,1.0086870000
0.5950000000,4.6774500000,1.0174820000
0.5960000000,4.6737980000,1.0267160000
0.5970000000,4.6704650000,1.0364070000
0.5980000000,4.6674800000,1.0465770000
0.5990000000,4.6648730000,1.0572460000
0.6000000000,4.6626810000,1.0684360000
0.6010000000,4.6609420000,1.0801700000
0.6020000000,4.6597020000,1.0924710000
0.6030000000,4.6590120000,1.1053620000
0.6040000000,4.6589290000,1.1188670000
0.6050000000,4.6595180000,1.1330110000
0.6060000000,4.6608540000,1.1478150000
0.6070000000,4.6630210000,1.1633010000
0.6080000000,4.6661140000,1.1794860000
0.6090000000,4.6702400000,1.1963860000
0.6100000000,4.6755230000,1.2140090000
0.6110000000,4.6821010000,1.2323560000
0.6120000000,4.6901320000,1.2514190000
0.6130000000,4.6997930000,1.2711740000
0.6140000000,4.7112830000,1.2915780000
0.6150000000,4.7248260000,1.3125640000
0.6160000000,4.7406710000,1.3340340000
0.6170000000,4.7590920000,1.3558480000
0.6180000000,4.7803890000,1.3778130000
0.6190000000,4.8048820000,1.3996690000
0.6200000000,4.8329080000,1.4210750000
0.6210000000,4.8648050000,1.4415870000
0.6220000000,4.9008970000,1.4606360000
0.6230000000,4.9414630000,1.4775100000
0.6240000000,4.9866960000,1.4913310000
0.6250000000,5.0366470000,1.5010440000
0.6260000000,5.0911480000,1.5054180000
0.6270000000,5.1497210000,1.5030730000
0.6280000000,5.2114730000,1.4925510000
0.6290000000,5.2749990000,1.4724350000
0.6300000000,5.3383100000,1.4415350000
0.6310000000,5.3988440000,1.3991440000
0.6320000000,5.4535780000,1.3453150000
0.6330000000,5.4993010000,1.2811230000
0.6340000000,5.5330270000,1.2088070000
0.6350000000,5.5525010000,1.1317190000
0.6360000000,5.5566710000,1.0540290000
0.6370000000,5.5460210000,0.9802145000
0.6380000000,5.5226670000,0.9144343000
0.6390000000,5.4902010000,0.8598766000
0.6400000000,5.4532940000,0.8181636000
0.6410000000,5.4170300000,0.7888572000
0.6420000000,5.3859160000,0.7692089000
0.6430000000,5.3625950000,0.7544832000
0.6440000000,5.3467420000,0.7392108000
0.6450000000,5.3349870000,0.7191963000
0.6460000000,5.3223870000,0.6931910000
0.6470000000,5.3046670000,0.6630267000
0.6480000000,5.2797440000,0.6322262000
0.6490000000,5.2478160000,0.6042870000
0.6500000000,5.2105480000,0.5816666000
0.6510000000,5.1703720000,0.5655481000
0.6520000000,5.1292820000,0.5548867000
0.6530000000,5.0873200000,0.5492719000
0.6540000000,5.0449930000,0.5487133000
0.6550000000,5.0027420000,0.5530914000
0.6560000000,4.9608790000,0.5622945000
0.6570000000,4.9196210000,0.5762855000
0.6580000000,4.8791410000,0.5951343000
0.6590000000,4.8396170000,0.6190323000
0.6600000000,4.8012730000,0.6482996000
0.6610000000,4.7644340000,0.6833871000
0.6620000000,4.7295780000,0.7248746000
0.6630000000,4.6974050000,0.7734597000
0.6640000000,4.6689260000,0.8299311000
0.6650000000,4.6455690000,0.8951117000
0.6660000000,4.6293030000,0.9697525000
0.6670000000,4.6227770000,1.0543480000
0.6680000000,4.6294250000,1.1488380000
0.6690000000,4.6534840000,1.2521720000
0.6700000000,4.6998120000,1.3617240000
0.6710000000,4.7733680000,1.4726350000
0.6720000000,4.8781880000,1.5772750000
0.6730000000,5.0158200000,1.6651700000
0.6740000000,5.1834240000,1.7238980000
0.6750000000,5.3721990000,1.7413660000
0.6760000000,5.5673050000,1.7093620000
0.6770000000,5.7503390000,1.6271030000
0.6780000000,5.9041210000,1.5026540000
0.6790000000,6.0175520000,1.3507650000
0.6800000000,6.0878130000,1.1881290000
0.6810000000,6.1190810000,1.0288650000
0.6820000000,6.1193400000,0.8822693000
0.6830000000,6.0973450000,0.7528806000
0.6840000000,6.0607870000,0.6417578000
0.6850000000,6.0156230000,0.5479084000
0.6860000000,5.9660980000,0.4693842000
0.6870000000,5.9150610000,0.4039613000
0.6880000000,5.8643280000,0.3494994000
0.6890000000,5.8150010000,0.3040987000
0.6900000000,5.7676960000,0.2661444000
0.6910000000,5.7227230000,0.2342977000
0.6920000000,5.6801900000,0.2074635000
0.6930000000,5.6400880000,0.1847523000
0.6940000000,5.6023360000,0.1654436000
0.6950000000,5.5668130000,0.1489538000
0.6960000000,5.5333810000,0.1348095000
0.6970000000,5.5018950000,0.1226256000
0.6980000000,5.4722110000,0.1120874000
0.6990000000,5.4441910000,0.1029373000
0.7000000000,5.4177050000,0.0949629900
0.7010000000,5.3926320000,0.0879889400
0.7020000000,5.3688620000,0.0818694000
0.7030000000,5.3462930000,0.0764827900
0.7040000000,5.3248320000,0.0717272400
0.7050000000,5.3043940000,0.0675170500
0.7060000000,5.2849020000,0.0637798200
0.7070000000,5.2662870000,0.0604541600
0.7080000000,5.2484860000,0.0574878000
0.7090000000,5.2314390000,0.0548360800
0.7100000000,5.2150950000,0.0524607100
0.7110000000,5.1994070000,0.0503287400
0.7120000000,5.1843300000,0.0484117500
0.7130000000,5.1698240000,0.0466851100
0.7140000000,5.1558540000,0.0451274400
0.7150000000,5.1423870000,0.0437201200
0.7160000000,5.1293910000,0.0424468900
0.7170000000,5.1168390000,0.0412935200
0.7180000000,5.1047060000,0.0402475000
0.7190000000,5.0929670000,0.0392978400
0.7200000000,5.0816030000,0.0384348500
0.7210000000,5.0705930000,0.0376499400
0.7220000000,5.0599190000,0.0369355100
0.7230000000,5.0495640000,0.0362848300
0.7240000000,5.0395150000,0.0356919000
0.7250000000,5.0297570000,0.0351513500
0.7260000000,5.0202820000,0.0346584000
0.7270000000,5.0110820000,0.0342086200
0.7280000000,5.0021560000,0.0337788900
0.7290000000,4.9934740000,0.0333541900
0.7300000000,4.9850160000,0.0329345500
0.7310000000,4.9767680000,0.0325199900
0.7320000000,4.9687170000,0.0321104900
0.7330000000,4.9608530000,0.0317060300
0.7340000000,4.9531650000,0.0313065800
0.7350000000,4.9456450000,0.0309121100
0.7360000000,4.9382850000,0.0305226100
0.7370000000,4.9310780000,0.0301380100
0.7380000000,4.9240160000,0.0297583000
0.7390000000,4.9170940000,0.0293834300
0.7400000000,4.9103050000,0.0290133700
0.7410000000,4.9036450000,0.0286480600
0.7420000000,4.8971090000,0.0282874800
0.7430000000,4.8906900000,0.0279315800
0.7440000000,4.8843860000,0.0275803200
0.7450000000,4.8781920000,0.0272336600
0.7460000000,4.8721030000,0.0268915600
0.7470000000,4.8661170000,0.0265539700
0.7480000000,4.8602300000,0.0262208500
0.7490000000,4.8544380000,0.0258921700
0.7500000000,4.8487380000,0.0255678800
0.7510000000,4.8431280000,0.0252479400
0.7520000000,4.8376040000,0.0249323100
0.7530000000,4.8321640000,0.0246209500
0.7540000000,4.8268050000,0.0243138200
0.7550000000,4.8215250000,0.0240108800
0.7560000000,4.8163220000,0.0237121000
0.7570000000,4.8111920000,0.0234174300
0.7580000000,4.8061360000,0.0231268400
0.7590000000,4.8011490000,0.0228402800
0.7600000000,4.7962310000,0.0225577300
0.7610000000,4.7913790000,0.0222791400
0.7620000000,4.7865920000,0.0220044800
0.7630000000,4.7818680000,0.0217337200
0.7640000000,4.7772050000,0.0214668100
0.7650000000,4.7726030000,0.0212037200
0.7660000000,4.7680580000,0.0209444100
0.7670000000,4.7635710000,0.0206888600
0.7680000000,4.7591400000,0.0204370300
0.7690000000,4.7547630000,0.0201888900
0.7700000000,4.7504390000,0.0199443900
0.7710000000,4.7461670000,0.0197035200
0.7720000000,4.7419450000,0.0194662300
0.7730000000,4.7377740000,0.0192325000
0.7740000000,4.7336510000,0.0190023000
0.7750000000,4.7295750000,0.0187755800
0.7760000000,4.7255460000,0.0185523300
0.7770000000,4.7215630000,0.0183325100
0.7780000000,4.7176250000,0.0181161000
0.7790000000,4.7137300000,0.0179030500
0.7800000000,4.7098800000,0.0176932200
0.7810000000,4.7060710000,0.0174859800
0.7820000000,4.7023050000,0.0172812300
0.7830000000,4.6985780000,0.0170789700
0.7840000000,4.6948910000,0.0168791500
0.7850000000,4.6912430000,0.0166817700
0.7860000000,4.6876330000,0.0164867800
0.7870000000,4.6840610000,0.0162941800
0.7880000000,4.6805250000,0.0161039300
0.7890000000,4.6770240000,0.0159160100
0.7900000000,4.6735590000,0.0157304100
0.7910000000,4.6701290000,0.0155470900
0.7920000000,4.6667320000,0.0153660400
0.7930000000,4.6633690000,0.0151872400
0.7940000000,4.6600380000,0.0150106500
0.7950000000,4.6567390000,0.0148362700
0.7960000000,4.6534720000,0.0146640700
0.7970000000,4.6502360000,0.0144940300
0.7980000000,4.6470310000,0.0143261300
0.7990000000,4.6438550000,0.0141603500
0.8000000000,4.6407090000,0.0139966700
0.8010000000,4.6375930000,0.0138350700
0.8020000000,4.6345040000,0.0136755300
0.8030000000,4.6314440000,0.0135180300
0.8040000000,4.6284110000,0.0133625600
0.8050000000,4.6254060000,0.0132090900
0.8060000000,4.6224280000,0.0130576000
0.8070000000,4.6194760000,0.0129080800
0.8080000000,4.6165510000,0.0127605100
0.8090000000,4.6136510000,0.0126147800
0.8100000000,4.6107770000,0.0124704700
0.8110000000,4.6079280000,0.0123275400
0.8120000000,4.6051040000,0.0121859700
0.8130000000,4.6023040000,0.0120457600
0.8140000000,4.5995280000,0.0119068800
0.8150000000,4.5967750000,0.0117693200
0.8160000000,4.5940450000,0.0116330800
0.8170000000,4.5913370000,0.0114981300
0.8180000000,4.5886520000,0.0113644700
0.8190000000,4.5859890000,0.0112320800
0.8200000000,4.5833470000,0.0111009600
0.8210000000,4.5807270000,0.0109710900
0.8220000000,4.5781280000,0.0108424500
0.8230000000,4.5755500000,0.0107150400
0.8240000000,4.5729920000,0.0105888500
0.8250000000,4.5704540000,0.0104638600
0.8260000000,4.5679360000,0.0103400600
0.8270000000,4.5654370000,0.0102174500
0.8280000000,4.5629580000,0.0100960000
0.8290000000,4.5604980000,0.0099757190
0.8300000000,4.5580570000,0.0098565830
0.8310000000,4.5556340000,0.0097385870
0.8320000000,4.5532290000,0.0096217190
0.8330000000,4.5508430000,0.0095059690
0.8340000000,4.5484740000,0.0093913270
0.8350000000,4.5461230000,0.0092777830
0.8360000000,4.5437890000,0.0091653280
0.8370000000,4.5414730000,0.0090539510
0.8380000000,4.5391730000,0.0089436430
0.8390000000,4.5368900000,0.0088343930
0.8400000000,4.5346240000,0.0087261950
0.8410000000,4.5323740000,0.0086190360
0.8420000000,4.5301400000,0.0085129090
0.8430000000,4.5279210000,0.0084078050
0.8440000000,4.5257190000,0.0083037140
0.8450000000,4.5235320000,0.0082006280
0.8460000000,4.5213600000,0.0080985370
0.8470000000,4.5192040000,0.0079974340
0.8480000000,4.5170620000,0.0078973100
0.8490000000,4.5149350000,0.0077981560
0.8500000000,4.5128230000,0.0076999640
0.8510000000,4.5107260000,0.0076027260
0.8520000000,4.5086420000,0.0075064330
0.8530000000,4.5065730000,0.0074110780
0.8540000000,4.5045170000,0.0073166530
0.8550000000,4.5024760000,0.0072231490
0.8560000000,4.5004480000,0.0071305600
0.8570000000,4.4984330000,0.0070388770
0.8580000000,4.4964320000,0.0069480930
0.8590000000,4.4944440000,0.0068582000
0.8600000000,4.4924690000,0.0067691910
0.8610000000,4.4905080000,0.0066810590
0.8620000000,4.4885580000,0.0065937960
0.8630000000,4.4866220000,0.0065073950
0.8640000000,4.4846980000,0.0064218490
0.8650000000,4.4827860000,0.0063371510
0.8660000000,4.4808860000,0.0062532950
0.8670000000,4.4789990000,0.0061702730
0.8680000000,4.4771230000,0.0060880780
0.8690000000,4.4752600000,0.0060067040
0.8700000000,4.4734080000,0.0059261450
0.8710000000,4.4715680000,0.0058463930
0.8720000000,4.4697390000,0.0057674430
0.8730000000,4.4679210000,0.0056892870
0.8740000000,4.4661150000,0.0056119200
0.8750000000,4.4643200000,0.0055353360
0.8760000000,4.4625360000,0.0054595270
0.8770000000,4.4607630000,0.0053844880
0.8780000000,4.4590000000,0.0053102140
0.8790000000,4.4572490000,0.0052366970
0.8800000000,4.4555080000,0.0051639320
0.8810000000,4.4537770000,0.0050919130
0.8820000000,4.4520570000,0.0050206340
0.8830000000,4.4503470000,0.0049500910
0.8840000000,4.4486470000,0.0048802750
0.8850000000,4.4469580000,0.0048111840
0.8860000000,4.4452780000,0.0047428100
0.8870000000,4.4436080000,0.0046751480
0.8880000000,4.4419480000,0.0046081930
0.8890000000,4.4402980000,0.0045419390
0.8900000000,4.4386570000,0.0044763810
0.8910000000,4.4370260000,0.0044115150
0.8920000000,4.4354050000,0.0043473340
0.8930000000,4.4337920000,0.0042838330
0.8940000000,4.4321890000,0.0042210070
0.8950000000,4.4305960000,0.0041588520
0.8960000000,4.4290110000,0.0040973620
0.8970000000,4.4274350000,0.0040365320
0.8980000000,4.4258680000,0.0039763580
0.8990000000,4.4243100000,0.0039168340
0.9000000000,4.4227610000,0.0038579560
0.9010000000,4.4212210000,0.0037997190
0.9020000000,4.4196890000,0.0037421180
0.9030000000,4.4181660000,0.0036851490
0.9040000000,4.4166510000,0.0036288070
0.9050000000,4.4151440000,0.0035730870
0.9060000000,4.4136460000,0.0035179860
0.9070000000,4.4121560000,0.0034634970
0.9080000000,4.4106750000,0.0034096180
0.9090000000,4.4092010000,0.0033563440
0.9100000000,4.4077360000,0.0033036690
0.9110000000,4.4062780000,0.0032515910
0.9120000000,4.4048290000,0.0032001050
0.9130000000,4.4033870000,0.0031492060
0.9140000000,4.4019530000,0.0030988900
0.9150000000,4.4005260000,0.0030491540
0.9160000000,4.3991080000,0.0029999930
0.9170000000,4.3976970000,0.0029514030
0.9180000000,4.3962930000,0.0029033800
0.9190000000,4.3948970000,0.0028559200
0.9200000000,4.3935080000,0.0028090200
0.9210000000,4.3921270000,0.0027626740
0.9220000000,4.3907520000,0.0027168810
0.9230000000,4.3893860000,0.0026716340
0.9240000000,4.3880260000,0.0026269320
0.9250000000,4.3866730000,0.0025827700
0.9260000000,4.3853280000,0.0025391440
0.9270000000,4.3839890000,0.0024960510
0.9280000000,4.3826570000,0.0024534870
0.9290000000,4.3813320000,0.0024114490
0.9300000000,4.3800140000,0.0023699320
0.9310000000,4.3787030000,0.0023289340
0.9320000000,4.3773990000,0.0022884510
0.9330000000,4.3761010000,0.0022484790
0.9340000000,4.3748100000,0.0022090150
0.9350000000,4.3735250000,0.0021700550
0.9360000000,4.3722470000,0.0021315970
0.9370000000,4.3709750000,0.0020936370
0.9380000000,4.3697100000,0.0020561710
0.9390000000,4.3684510000,0.0020191960
0.9400000000,4.3671980000,0.0019827100
0.9410000000,4.3659520000,0.0019467080
0.9420000000,4.3647120000,0.0019111870
0.9430000000,4.3634780000,0.0018761450
0.9440000000,4.3622500000,0.0018415790
0.9450000000,4.3610280000,0.0018074840
0.9460000000,4.3598130000,0.0017738590
0.9470000000,4.3586030000,0.0017407000
0.9480000000,4.3573990000,0.0017080040
0.9490000000,4.3562010000,0.0016757670
0.9500000000,4.3550090000,0.0016439880
0.9510000000,4.3538230000,0.0016126630
0.9520000000,4.3526430000,0.0015817890
0.9530000000,4.3514680000,0.0015513640
0.9540000000,4.3502990000,0.0015213840
0.9550000000,4.3491360000,0.0014918470
0.9560000000,4.3479790000,0.0014627490
0.9570000000,4.3468260000,0.0014340890
0.9580000000,4.3456800000,0.0014058630
0.9590000000,4.3445390000,0.0013780680
0.9600000000,4.3434030000,0.0013507020
0.9610000000,4.3422730000,0.0013237630
0.9620000000,4.3411480000,0.0012972470
0.9630000000,4.3400290000,0.0012711510
0.9640000000,4.3389150000,0.0012454740
0.9650000000,4.3378060000,0.0012202130
0.9660000000,4.3367030000,0.0011953650
0.9670000000,4.3356040000,0.0011709270
0.9680000000,4.3345110000,0.0011468970
0.9690000000,4.3334230000,0.0011232720
0.9700000000,4.3323400000,0.0011000510
0.9710000000,4.3312620000,0.0010772300
0.9720000000,4.3301890000,0.0010548070
0.9730000000,4.3291210000,0.0010327800
0.9740000000,4.3280580000,0.0010111460
0.9750000000,4.3270000000,0.0009899035
0.9760000000,4.3259470000,0.0009690491
0.9770000000,4.3248990000,0.0009485809
0.9780000000,4.3238560000,0.0009284965
0.9790000000,4.3228170000,0.0009087937
0.9800000000,4.3217830000,0.0008894701
0.9810000000,4.3207540000,0.0008705237
0.9820000000,4.3197300000,0.0008519520
0.9830000000,4.3187100000,0.0008337528
0.9840000000,4.3176950000,0.0008159240
0.9850000000,4.3166850000,0.0007984634
0.9860000000,4.3156790000,0.0007813688
0.9870000000,4.3146780000,0.0007646380
0.9880000000,4.3136810000,0.0007482690
0.9890000000,4.3126890000,0.0007322596
0.9900000000,4.3117020000,0.0007166077
0.9910000000,4.3107180000,0.0007013112
0.9920000000,4.3097390000,0.0006863680
0.9930000000,4.3087650000,0.0006717762
0.9940000000,4.3077950000,0.0006575337
0.9950000000,4.3068300000,0.0006436384
0.9960000000,4.3058680000,0.0006300885
0.9970000000,4.3049110000,0.0006168818
0.9980000000,4.3039580000,0.0006040165
0.9990000000,4.3030100000,0.0005914906
1.0000000000,4.3020660000,0.0005793021
1.0025000000,4.2997230000,0.0005502947
1.0050000000,4.2974070000,0.0005233550
1.0075000000,4.2951160000,0.0004984540
1.0100000000,4.2928500000,0.0004755633
1.0125000000,4.2906090000,0.0004546552
1.0150000000,4.2883920000,0.0004357023
1.0175000000,4.2862000000,0.0004186779
1.0200000000,4.2840310000,0.0004035558
1.0225000000,4.2818860000,0.0003903103
1.0250000000,4.2797650000,0.0003789161
1.0275000000,4.2776660000,0.0003693485
1.0300000000,4.2755910000,0.0003615833
1.0325000000,4.2735380000,0.0003555966
1.0350000000,4.2715080000,0.0003513649
1.0375000000,4.2695010000,0.0003484382
1.0400000000,4.2675170000,0.0003456251
1.0425000000,4.2655540000,0.0003428560
1.0450000000,4.2636130000,0.0003401300
1.0475000000,4.2616920000,0.0003374460
1.0500000000,4.2597910000,0.0003348032
1.0525000000,4.2579100000,0.0003322006
1.0550000000,4.2560490000,0.0003296375
1.0575000000,4.2542070000,0.0003271128
1.0600000000,4.2523830000,0.0003246259
1.0625000000,4.2505780000,0.0003221759
1.0650000000,4.2487910000,0.0003197620
1.0675000000,4.2470220000,0.0003173834
1.0700000000,4.2452710000,0.0003150394
1.0725000000,4.2435360000,0.0003127294
1.0750000000,4.2418190000,0.0003104525
1.0775000000,4.2401190000,0.0003082080
1.0800000000,4.2384350000,0.0003059955
1.0825000000,4.2367680000,0.0003038140
1.0850000000,4.2351160000,0.0003016632
1.0875000000,4.2334800000,0.0002995422
1.0900000000,4.2318600000,0.0002974506
1.0925000000,4.2302560000,0.0002953878
1.0950000000,4.2286660000,0.0002933531
1.0975000000,4.2270910000,0.0002913460
1.1000000000,4.2255310000,0.0002893660
1.1025000000,4.2239860000,0.0002874125
1.1050000000,4.2224550000,0.0002854851
1.1075000000,4.2209380000,0.0002835832
1.1100000000,4.2194350000,0.0002817063
1.1125000000,4.2179450000,0.0002798540
1.1150000000,4.2164690000,0.0002780258
1.1175000000,4.2150070000,0.0002762213
1.1200000000,4.2135570000,0.0002744399
1.1225000000,4.2121210000,0.0002726814
1.1250000000,4.2106980000,0.0002709451
1.1275000000,4.2092870000,0.0002692308
1.1300000000,4.2078880000,0.0002675381
1.1325000000,4.2065020000,0.0002658665
1.1350000000,4.2051280000,0.0002642156
1.1375000000,4.2037670000,0.0002625851
1.1400000000,4.2024170000,0.0002609747
1.1425000000,4.2010780000,0.0002593838
1.1450000000,4.1997520000,0.0002578124
1.1475000000,4.1984360000,0.0002562598
1.1500000000,4.1971320000,0.0002547259
1.1525000000,4.1958390000,0.0002532104
1.1550000000,4.1945580000,0.0002517128
1.1575000000,4.1932870000,0.0002502329
1.1600000000,4.1920260000,0.0002487703
1.1625000000,4.1907770000,0.0002473249
1.1650000000,4.1895370000,0.0002458963
1.1675000000,4.1883080000,0.0002444841
1.1700000000,4.1870900000,0.0002430882
1.1725000000,4.1858810000,0.0002417082
1.1750000000,4.1846830000,0.0002403439
1.1775000000,4.1834940000,0.0002389950
1.1800000000,4.1823150000,0.0002376614
1.1825000000,4.1811460000,0.0002363426
1.1850000000,4.1799860000,0.0002350385
1.1875000000,4.1788350000,0.0002337489
1.1900000000,4.1776940000,0.0002324734
1.1925000000,4.1765620000,0.0002312120
1.1950000000,4.1754390000,0.0002299642
1.1975000000,4.1743250000,0.0002287301
1.2000000000,4.1732200000,0.0002275092
1.2025000000,4.1721240000,0.0002263014
1.2050000000,4.1710360000,0.0002251066
1.2075000000,4.1699570000,0.0002239244
1.2100000000,4.1688860000,0.0002227548
1.2125000000,4.1678240000,0.0002215974
1.2150000000,4.1667700000,0.0002204522
1.2175000000,4.1657250000,0.0002193189
1.2200000000,4.1646870000,0.0002181973
1.2225000000,4.1636570000,0.0002170873
1.2250000000,4.1626350000,0.0002159888
1.2275000000,4.1616220000,0.0002149014
1.2300000000,4.1606150000,0.0002138251
1.2325000000,4.1596170000,0.0002127596
1.2350000000,4.1586260000,0.0002117049
1.2375000000,4.1576430000,0.0002106608
1.2400000000,4.1566670000,0.0002096270
1.2425000000,4.1556980000,0.0002086036
1.2450000000,4.1547370000,0.0002075902
1.2475000000,4.1537830000,0.0002065868
1.2500000000,4.1528360000,0.0002055932
1.2525000000,4.1518960000,0.0002046093
1.2550000000,4.1509630000,0.0002036349
1.2575000000,4.1500360000,0.0002026699
1.2600000000,4.1491170000,0.0002017142
1.2625000000,4.1482040000,0.0002007676
1.2650000000,4.1472980000,0.0001998301
1.2675000000,4.1463990000,0.0001989014
1.2700000000,4.1455060000,0.0001979814
1.2725000000,4.1446200000,0.0001970701
1.2750000000,4.1437400000,0.0001961673
1.2775000000,4.1428660000,0.0001952729
1.2800000000,4.1419990000,0.0001943868
1.2825000000,4.1411380000,0.0001935088
1.2850000000,4.1402830000,0.0001926389
1.2875000000,4.1394340000,0.0001917770
1.2900000000,4.1385910000,0.0001909229
1.2925000000,4.1377540000,0.0001900765
1.2950000000,4.1369230000,0.0001892377
1.2975000000,4.1360980000,0.0001884065
1.3000000000,4.1352790000,0.0001875827
1.3025000000,4.1344650000,0.0001867662
1.3050000000,4.1336570000,0.0001859569
1.3075000000,4.1328550000,0.0001851548
1.3100000000,4.1320580000,0.0001843598
1.3125000000,4.1312670000,0.0001835716
1.3150000000,4.1304810000,0.0001827904
1.3175000000,4.1297010000,0.0001820159
1.3200000000,4.1289260000,0.0001812481
1.3225000000,4.1281560000,0.0001804869
1.3250000000,4.1273910000,0.0001797322
1.3275000000,4.1266320000,0.0001789840
1.3300000000,4.1258780000,0.0001782421
1.3325000000,4.1251290000,0.0001775064
1.3350000000,4.1243850000,0.0001767770
1.3375000000,4.1236460000,0.0001760536
1.3400000000,4.1229120000,0.0001753364
1.3425000000,4.1221830000,0.0001746250
1.3450000000,4.1214580000,0.0001739196
1.3475000000,4.1207390000,0.0001732199
1.3500000000,4.1200240000,0.0001725261
1.3525000000,4.1193140000,0.0001718378
1.3550000000,4.1186090000,0.0001711552
1.3575000000,4.1179080000,0.0001704782
1.3600000000,4.1172120000,0.0001698066
1.3625000000,4.1165210000,0.0001691404
1.3650000000,4.1158340000,0.0001684795
1.3675000000,4.1151510000,0.0001678239
1.3700000000,4.1144730000,0.0001671736
1.3725000000,4.1138000000,0.0001665284
1.3750000000,4.1131300000,0.0001658882
1.3775000000,4.1124650000,0.0001652531
1.3800000000,4.1118050000,0.0001646230
1.3825000000,4.1111480000,0.0001639978
1.3850000000,4.1104960000,0.0001633774
1.3875000000,4.1098480000,0.0001627618
1.3900000000,4.1092040000,0.0001621510
1.3925000000,4.1085640000,0.0001615449
1.3950000000,4.1079280000,0.0001609434
1.3975000000,4.1072960000,0.0001603464
1.4000000000,4.1066680000,0.0001597541
1.4025000000,4.1060440000,0.0001591661
1.4050000000,4.1054240000,0.0001585827
1.4075000000,4.1048080000,0.0001580035
1.4100000000,4.1041960000,0.0001574287
1.4125000000,4.1035880000,0.0001568582
1.4150000000,4.1029830000,0.0001562920
1.4175000000,4.1023820000,0.0001557299
1.4200000000,4.1017850000,0.0001551719
1.4225000000,4.1011910000,0.0001546181
1.4250000000,4.1006010000,0.0001540682
1.4275000000,4.1000150000,0.0001535224
1.4300000000,4.0994320000,0.0001529806
1.4325000000,4.0988530000,0.0001524426
1.4350000000,4.0982780000,0.0001519086
1.4375000000,4.0977050000,0.0001513783
1.4400000000,4.0971370000,0.0001508519
1.4425000000,4.0965720000,0.0001503292
1.4450000000,4.0960100000,0.0001498102
1.4475000000,4.0954510000,0.0001492949
1.4500000000,4.0948960000,0.0001487832
1.4525000000,4.0943450000,0.0001482751
1.4550000000,4.0937960000,0.0001477706
1.4575000000,4.0932510000,0.0001472695
1.4600000000,4.0927090000,0.0001467720
1.4625000000,4.0921700000,0.0001462779
1.4650000000,4.0916350000,0.0001457872
1.4675000000,4.0911020000,0.0001452999
1.4700000000,4.0905730000,0.0001448159
1.4725000000,4.0900470000,0.0001443352
1.4750000000,4.0895240000,0.0001438578
1.4775000000,4.0890040000,0.0001433836
1.4800000000,4.0884870000,0.0001429126
1.4825000000,4.0879730000,0.0001424448
1.4850000000,4.0874620000,0.0001419801
1.4875000000,4.0869540000,0.0001415186
1.4900000000,4.0864490000,0.0001410601
1.4925000000,4.0859470000,0.0001406046
1.4950000000,4.0854480000,0.0001401522
1.4975000000,4.0849520000,0.0001397027
1.5000000000,4.0844580000,0.0001392562
1.5025000000,4.0839670000,0.0001388126
1.5050000000,4.0834800000,0.0001383719
1.5075000000,4.0829940000,0.0001379341
1.5100000000,4.0825120000,0.0001374991
1.5125000000,4.0820320000,0.0001370670
1.5150000000,4.0815560000,0.0001366376
1.5175000000,4.0810810000,0.0001362109
1.5200000000,4.0806100000,0.0001357870
1.5225000000,4.0801410000,0.0001353658
1.5250000000,4.0796750000,0.0001349473
1.5275000000,4.0792110000,0.0001345314
1.5300000000,4.0787500000,0.0001341182
1.5325000000,4.0782920000,0.0001337075
1.5350000000,4.0778360000,0.0001332994
1.5375000000,4.0773820000,0.0001328939
1.5400000000,4.0769310000,0.0001324909
1.5425000000,4.0764830000,0.0001320904
1.5450000000,4.0760370000,0.0001316924
1.5475000000,4.0755940000,0.0001312968
1.5500000000,4.0751530000,0.0001309037
1.5525000000,4.0747140000,0.0001305130
1.5550000000,4.0742780000,0.0001301247
1.5575000000,4.0738440000,0.0001297387
1.5600000000,4.0734130000,0.0001293551
1.5625000000,4.0729840000,0.0001289737
1.5650000000,4.0725570000,0.0001285947
1.5675000000,4.0721320000,0.0001282180
1.5700000000,4.0717100000,0.0001278436
1.5725000000,4.0712900000,0.0001274713
1.5750000000,4.0708730000,0.0001271013
1.5775000000,4.0704570000,0.0001267335
1.5800000000,4.0700440000,0.0001263679
1.5825000000,4.0696330000,0.0001260044
1.5850000000,4.0692240000,0.0001256431
1.5875000000,4.0688180000,0.0001252839
1.5900000000,4.0684130000,0.0001249268
1.5925000000,4.0680110000,0.0001245717
1.5950000000,4.0676110000,0.0001242188
1.5975000000,4.0672130000,0.0001238678
1.6000000000,4.0668170000,0.0001235189
1.6025000000,4.0664230000,0.0001231721
1.6050000000,4.0660310000,0.0001228272
1.6075000000,4.0656420000,0.0001224842
1.6100000000,4.0652540000,0.0001221433
1.6125000000,4.0648680000,0.0001218043
1.6150000000,4.0644850000,0.0001214672
1.6175000000,4.0641030000,0.0001211320
1.6200000000,4.0637230000,0.0001207987
1.6225000000,4.0633460000,0.0001204673
1.6250000000,4.0629700000,0.0001201377
1.6275000000,4.0625960000,0.0001198100
1.6300000000,4.0622240000,0.0001194841
1.6325000000,4.0618540000,0.0001191600
1.6350000000,4.0614860000,0.0001188377
1.6375000000,4.0611200000,0.0001185172
1.6400000000,4.0607560000,0.0001181984
1.6425000000,4.0603930000,0.0001178814
1.6450000000,4.0600330000,0.0001175662
1.6475000000,4.0596740000,0.0001172526
1.6500000000,4.0593170000,0.0001169408
1.6525000000,4.0589620000,0.0001166307
1.6550000000,4.0586080000,0.0001163222
1.6575000000,4.0582570000,0.0001160154
1.6600000000,4.0579070000,0.0001157103
1.6625000000,4.0575590000,0.0001154068
1.6650000000,4.0572130000,0.0001151049
1.6675000000,4.0568680000,0.0001148046
1.6700000000,4.0565250000,0.0001145059
1.6725000000,4.0561840000,0.0001142089
1.6750000000,4.0558450000,0.0001139133
1.6775000000,4.0555070000,0.0001136194
1.6800000000,4.0551710000,0.0001133270
1.6825000000,4.0548360000,0.0001130361
1.6850000000,4.0545040000,0.0001127468
1.6875000000,4.0541730000,0.0001124589
1.6900000000,4.0538430000,0.0001121726