measWL,meas202210_Ravg,+,-,meas202210_Tavg,+,-,meas202210_Aavg,+,-
1000,0.586301889,0.018656872,-0.018954875,0.364310157,0.012610334,-0.012703144,0.049387954,0.031658019,-0.031267207
1001,0.585258125,0.018614006,-0.018800163,0.364290827,0.012620704,-0.012704732,0.050451048,0.031504895,-0.03123471
1002,0.585171512,0.018730502,-0.018928209,0.364775815,0.012654252,-0.012837517,0.050052673,0.031765726,-0.031384754
1003,0.586533786,0.018926924,-0.019005854,0.365295159,0.012642211,-0.012852196,0.048171055,0.03185805,-0.031569135
1004,0.587779451,0.018945424,-0.019238243,0.365797527,0.012723639,-0.012604148,0.046423021,0.031842391,-0.031669064
1005,0.587104622,0.018818166,-0.019379696,0.365907545,0.012621661,-0.012553769,0.046987833,0.031933466,-0.031439827
1006,0.586087773,0.018661277,-0.019285904,0.366503934,0.012538452,-0.01254974,0.047408292,0.031835643,-0.031199729
1007,0.586181555,0.018548635,-0.019280719,0.366903507,0.012672816,-0.012771616,0.046914938,0.032052335,-0.03122145
1008,0.586896927,0.018759165,-0.019025661,0.367541057,0.012634245,-0.012830266,0.045562016,0.031855927,-0.03139341
1009,0.587889839,0.018607665,-0.019058728,0.367886009,0.012645334,-0.012661779,0.044224152,0.031720508,-0.031252998
1010,0.587177633,0.018512781,-0.019008145,0.368190658,0.012599122,-0.012641564,0.044631709,0.031649709,-0.031111902
1011,0.58582266,0.019000508,-0.019326531,0.368328156,0.012649108,-0.012669304,0.045849184,0.031995835,-0.030658172
1012,0.585294426,0.01834962,-0.018885745,0.36883165,0.012844646,-0.012722211,0.045873924,0.031607955,-0.031194266
1013,0.585902951,0.018775432,-0.01924966,0.36955031,0.012745423,-0.012675113,0.044546739,0.031924773,-0.031520855
1014,0.585913863,0.018391389,-0.018799514,0.369916298,0.012589804,-0.012811008,0.044169839,0.031610522,-0.030981193
1015,0.585224274,0.018354284,-0.018886899,0.370241483,0.012550235,-0.012741986,0.044534243,0.031628885,-0.030721857
1016,0.583400646,0.018498951,-0.018822086,0.370304256,0.012476203,-0.012750707,0.046295098,0.031572793,-0.030383011
1017,0.582928491,0.018309075,-0.018684417,0.370933914,0.012459634,-0.012889608,0.046137595,0.031574025,-0.030396845
1018,0.583543954,0.018264735,-0.01882175,0.371592316,0.01243818,-0.012787876,0.044863731,0.031609626,-0.030702916
1019,0.583535143,0.018422929,-0.01871961,0.372102528,0.012698283,-0.012816721,0.044362329,0.031536331,-0.031121212
1020,0.582440306,0.018096774,-0.018420454,0.372466163,0.012482713,-0.012731423,0.045093531,0.031151878,-0.030338195
1021,0.580925799,0.018447755,-0.018648731,0.372740721,0.012508948,-0.012793705,0.04633348,0.031442436,-0.030956703
1022,0.580913815,0.018477244,-0.018839034,0.373343868,0.012679158,-0.012927709,0.045742317,0.031766743,-0.031156402
1023,0.581389811,0.018796023,-0.018741653,0.373869893,0.012624663,-0.012807203,0.044740296,0.031548856,-0.031420685
1024,0.58244229,0.018891501,-0.019203342,0.374360968,0.012720517,-0.013005181,0.043196741,0.032208523,-0.031612018
1025,0.581288579,0.018789319,-0.018845865,0.375395931,0.012910681,-0.012874607,0.043315489,0.031720472,-0.0317
1026,0.580881011,0.018509216,-0.018537495,0.375590663,0.012945584,-0.013056092,0.043528326,0.031593587,-0.0314548
1027,0.580509134,0.01841111,-0.018535393,0.37653756,0.012884129,-0.013118226,0.042953306,0.03165362,-0.031295239
1028,0.581237965,0.018922577,-0.018974108,0.376983226,0.012637354,-0.012853252,0.041778809,0.03182736,-0.031559931
1029,0.581768335,0.018830516,-0.0185973,0.377612918,0.012871674,-0.013092628,0.040618747,0.031689928,-0.03170219
1030,0.582044283,0.018788027,-0.018365813,0.378554316,0.013216269,-0.013124063,0.039401401,0.031489876,-0.032004296
1031,0.580949408,0.018587137,-0.018252028,0.378796556,0.013402104,-0.013213743,0.040254036,0.031465772,-0.031989241
1032,0.579985683,0.018472633,-0.018236595,0.379427235,0.013448827,-0.013278551,0.040587082,0.031515146,-0.03192146
1033,0.580357019,0.018803048,-0.0188456,0.380135257,0.013148728,-0.013189702,0.039507724,0.032035302,-0.031951775
1034,0.580735866,0.018647824,-0.018936081,0.380396439,0.013358173,-0.013184326,0.038867695,0.032120406,-0.032005997
1035,0.580548419,0.018769058,-0.018680678,0.381141268,0.013172854,-0.013276054,0.038310313,0.031956732,-0.031941911
1036,0.580027779,0.018666914,-0.018541005,0.381551605,0.013304213,-0.013279541,0.038420617,0.031820546,-0.031971128
1037,0.579071494,0.018134477,-0.018256563,0.382336126,0.012933542,-0.013381525,0.03859238,0.031638088,-0.031068019
1038,0.579398549,0.018582416,-0.018720788,0.38318884,0.012719795,-0.012999553,0.037412611,0.031720341,-0.031302212
1039,0.579545563,0.018543002,-0.018628744,0.383704187,0.012839858,-0.013088278,0.036750249,0.031717022,-0.031382861
1040,0.579802537,0.018284481,-0.018503633,0.384000526,0.012618157,-0.013100997,0.036196937,0.031604629,-0.030902638
1041,0.579974945,0.018319833,-0.018506285,0.384557565,0.012633883,-0.012793362,0.03546749,0.031299646,-0.030953716
1042,0.581846126,0.018569182,-0.018169792,0.38573784,0.012576846,-0.012763086,0.032416034,0.030932877,-0.031146028
1043,0.58157247,0.018900826,-0.018526451,0.386371581,0.012850395,-0.01280323,0.032055949,0.031329681,-0.031751221
1044,0.580876626,0.01855854,-0.018437992,0.386582353,0.012748032,-0.012884612,0.03254102,0.031322604,-0.031306571
1045,0.580253471,0.018448719,-0.018482875,0.386800778,0.012916107,-0.013101228,0.032945752,0.031584103,-0.031364826
1046,0.579667436,0.018000855,-0.018457856,0.387258896,0.012686412,-0.0132042,0.033073668,0.031662057,-0.030599488
1047,0.575698247,0.022297874,-0.0199614,0.383768874,0.015293383,-0.013861582,0.040532879,0.033176174,-0.037591258
1048,0.579916667,0.02029621,-0.019661054,0.386547066,0.013845693,-0.01305468,0.033536267,0.031917453,-0.034141903
1049,0.574662051,0.021627509,-0.01976454,0.385929933,0.014228748,-0.012950472,0.039408015,0.032466295,-0.035856257
1050,0.579378396,0.018271766,-0.018628087,0.388849693,0.013680796,-0.014032672,0.031771911,0.031005835,-0.031952562
1051,0.576870639,0.018974495,-0.018245048,0.385409807,0.016539584,-0.0185843,0.037719554,0.036829347,-0.035514079
1052,0.589957856,0.022227721,-0.020077094,0.387067205,0.021822081,-0.027064695,0.022974939,0.047141789,-0.044049803
1053,0.586934391,0.018612403,-0.018659582,0.386873756,0.016683891,-0.018855935,0.026191853,0.03635828,-0.035296294
1054,0.581740709,0.020398474,-0.019292357,0.391284845,0.013112946,-0.014112789,0.026974446,0.029736564,-0.029615915
1055,0.580195387,0.021901012,-0.020001296,0.392826022,0.015177996,-0.013876093,0.026978591,0.032919817,-0.037079008
1056,0.58009401,0.020560867,-0.019733315,0.394816625,0.015735461,-0.013939838,0.025089365,0.033146779,-0.036296328
1057,0.578031452,0.02086596,-0.019411144,0.395432277,0.0168721,-0.014648006,0.026536271,0.033238425,-0.03773806
1058,0.573927196,0.018873877,-0.01860929,0.39512083,0.018309684,-0.015730056,0.030951974,0.034339346,-0.037183561
1059,0.572804419,0.019455071,-0.019218345,0.39386757,0.015834811,-0.015431479,0.033328011,0.034649824,-0.032908044
1060,0.567149086,0.020177599,-0.019282887,0.390811454,0.014276128,-0.015190802,0.04203946,0.034473689,-0.034453728
1061,0.56742959,0.022840072,-0.020136863,0.391098736,0.015839838,-0.014330358,0.041471675,0.034467221,-0.03867991
1062,0.569334883,0.022157853,-0.019494656,0.392732479,0.014894315,-0.014079136,0.037932637,0.033526585,-0.037052168
1063,0.570917281,0.02070913,-0.019365514,0.393861944,0.014567032,-0.014112495,0.035220776,0.033478008,-0.035276162
1064,0.572191499,0.018807016,-0.019165579,0.394763916,0.013519041,-0.013141732,0.033044585,0.032307311,-0.032326057
1065,0.580478334,0.019440007,-0.018731403,0.397731598,0.013488214,-0.012826803,0.021790068,0.031234106,-0.032928221
1066,0.577838012,0.018111797,-0.018532566,0.395602225,0.013751641,-0.013072929,0.026559763,0.030969621,-0.031581618
1067,0.569507667,0.021099144,-0.021910437,0.398008404,0.015266176,-0.014273965,0.032483929,0.036184402,-0.03636532
1068,0.578934065,0.020648793,-0.019171693,0.398004751,0.017811814,-0.01552622,0.023061184,0.034180229,-0.038460607
1069,0.583547982,0.018831565,-0.019182433,0.402429278,0.013407101,-0.014212505,0.014022741,0.033394937,-0.032238667
1070,0.565756961,0.01730836,-0.01723332,0.398204792,0.012388477,-0.012573927,0.036038247,0.029807247,-0.029696837
1071,0.573406166,0.018373634,-0.018207483,0.397220868,0.012121059,-0.012197432,0.029372966,0.030035827,-0.030494693
1072,0.57258275,0.018711729,-0.018401159,0.399222066,0.013065547,-0.012770255,0.028195185,0.030609683,-0.031777276
1073,0.569064802,0.018237729,-0.01772941,0.399785898,0.013884348,-0.013852188,0.0311493,0.031581598,-0.032122077
1074,0.570207776,0.018048338,-0.018650943,0.399521953,0.014237728,-0.014195993,0.030270271,0.032846937,-0.032042116
1075,0.569251149,0.018498247,-0.018649594,0.399310559,0.014232715,-0.014421797,0.031438293,0.033071391,-0.031558837
1076,0.572831975,0.018673735,-0.019167589,0.400878542,0.014022213,-0.014399232,0.026289483,0.033566821,-0.031823663
1077,0.574360773,0.018037731,-0.018391886,0.405041465,0.013960118,-0.014190453,0.020597762,0.032582339,-0.031616915
1078,0.571358255,0.018301144,-0.017855552,0.402250553,0.013960118,-0.013560786,0.026391192,0.031416339,-0.032261262
1079,0.570595569,0.017726117,-0.0182195,0.401407995,0.013695761,-0.01362892,0.027996436,0.031848421,-0.031421878
1080,0.573500757,0.018858337,-0.018906256,0.403913908,0.013627263,-0.014358433,0.022585335,0.03326469,-0.031845545
1081,0.573557815,0.018390865,-0.017794498,0.404532238,0.014177641,-0.013688974,0.021909948,0.031483472,-0.032568506
1082,0.571915966,0.019007454,-0.018502241,0.404805448,0.01413759,-0.01363151,0.023278585,0.031186436,-0.033145044
1083,0.569614817,0.018379916,-0.017791285,0.403728769,0.013919621,-0.013696332,0.026656414,0.031487617,-0.032299537
1084,0.571075131,0.018958265,-0.018473676,0.403017523,0.013986281,-0.013176358,0.025907346,0.031263692,-0.032944546
1085,0.57207579,0.019463758,-0.018321007,0.404116619,0.014310123,-0.01364028,0.023807591,0.031811238,-0.033773881
1086,0.571966002,0.018560737,-0.018784511,0.404789468,0.01400011,-0.014070179,0.02324453,0.03285469,-0.032560847
1087,0.571176269,0.018401673,-0.018093429,0.404847152,0.013980936,-0.013956071,0.023976579,0.0320495,-0.03238261
1088,0.570414467,0.018061348,-0.017595981,0.404986787,0.013842848,-0.013864385,0.024598745,0.03138691,-0.031904197
1089,0.570061144,0.018027414,-0.01805516,0.405542665,0.013613968,-0.013732994,0.024396192,0.031788154,-0.031641383
1090,0.570262288,0.018639566,-0.018017334,0.406004254,0.013800657,-0.013657703,0.023733458,0.031298578,-0.032440223
1091,0.569611032,0.01867558,-0.018234598,0.405812066,0.014139531,-0.013493207,0.024576902,0.030940809,-0.032815111
1092,0.569483983,0.018542958,-0.018030469,0.405601672,0.014164824,-0.013578871,0.024914345,0.031609339,-0.032707782
1093,0.56930553,0.017962253,-0.018241441,0.405849281,0.013883952,-0.014039208,0.024845188,0.032280649,-0.031846204
1094,0.567981446,0.017848366,-0.01797826,0.406238288,0.01376542,-0.013892224,0.025780266,0.031870484,-0.031613785
1095,0.567035564,0.017951335,-0.017668798,0.406584182,0.013974683,-0.013890052,0.026380254,0.03155885,-0.031926017
1096,0.566534057,0.018074622,-0.017989763,0.406748586,0.013862808,-0.013814468,0.026717358,0.031804231,-0.03193743
1097,0.566852432,0.018279603,-0.018087245,0.406959112,0.013830956,-0.013918149,0.026188457,0.032005394,-0.032110559
1098,0.566631499,0.018121454,-0.018110324,0.407014474,0.01396322,-0.014162724,0.026354027,0.032273048,-0.032084674
1099,0.565291954,0.017739413,-0.017990629,0.40737619,0.013637536,-0.014088616,0.027331856,0.032079245,-0.030911337
1100,0.564493464,0.017425366,-0.01776998,0.407487162,0.013794242,-0.013994012,0.028019374,0.031763993,-0.031125321
1101,0.56413131,0.017433384,-0.017764801,0.407974145,0.013720817,-0.014059052,0.027894544,0.031823853,-0.031154201
1102,0.563735269,0.017834691,-0.017976166,0.408506183,0.013689405,-0.014142842,0.027758548,0.032119008,-0.031524096
1103,0.564310849,0.017649005,-0.017898958,0.408648157,0.013596141,-0.013933368,0.027040993,0.031832327,-0.031245146
1104,0.563734953,0.017622251,-0.017748506,0.408887129,0.013680757,-0.014030457,0.027377918,0.031778962,-0.031303008
1105,0.563060793,0.017687757,-0.017846839,0.409617976,0.013981932,-0.014116034,0.027321231,0.031962873,-0.03166969
1106,0.562060337,0.017441989,-0.017689607,0.409626867,0.013726121,-0.01404195,0.028312796,0.031731557,-0.031168111
1107,0.561796726,0.017833785,-0.018075088,0.409868058,0.013818005,-0.013948429,0.028335216,0.032023517,-0.03165179
1108,0.561724569,0.017826891,-0.017686946,0.41031316,0.01383774,-0.014062938,0.027962271,0.031749884,-0.031664631
1109,0.56183644,0.017949728,-0.01799959,0.410654026,0.013842948,-0.014057619,0.027509533,0.032057209,-0.031792676
1110,0.561811598,0.017790911,-0.017545947,0.410969834,0.013825651,-0.014117991,0.027218568,0.031663938,-0.031616563
1111,0.561300888,0.017945872,-0.017984885,0.411146464,0.013897232,-0.014159777,0.027552649,0.032144662,-0.031843104
1112,0.5610246,0.017781391,-0.017788879,0.411476419,0.01387475,-0.01409504,0.027498982,0.031883919,-0.031656141
1113,0.560687268,0.017931615,-0.01798997,0.411987847,0.013781742,-0.014038197,0.027324885,0.032028167,-0.031713357
1114,0.560715843,0.017742939,-0.017888988,0.412240933,0.013928618,-0.014082962,0.027043225,0.03197195,-0.031671558
1115,0.560962387,0.01755439,-0.018022657,0.412710412,0.013641473,-0.013977196,0.026327201,0.031999853,-0.031195863
1116,0.561276857,0.017800695,-0.017980223,0.413062143,0.013721397,-0.01403928,0.025661,0.032019503,-0.031522092
1117,0.561042568,0.017986896,-0.018024712,0.413075931,0.013705,-0.014054418,0.0258815,0.03207913,-0.031691895
1118,0.561217451,0.017935974,-0.018098897,0.413637836,0.013726028,-0.014081478,0.025144714,0.032180375,-0.031662002
1119,0.561153764,0.017740469,-0.018138146,0.41410186,0.013846515,-0.014130487,0.024744376,0.032268633,-0.031586984
1120,0.561270223,0.017901314,-0.018104455,0.414175366,0.01379923,-0.014130295,0.024554411,0.03223475,-0.031700544
1121,0.561239395,0.01759646,-0.017964659,0.414232714,0.013889024,-0.014160848,0.024527892,0.032125507,-0.031485483
1122,0.561219552,0.017866621,-0.018183533,0.414541808,0.013683165,-0.01424487,0.02423864,0.032428403,-0.031549787
1123,0.56173522,0.017750486,-0.018206981,0.414710666,0.013726841,-0.014335606,0.023554113,0.032542587,-0.031477327
1124,0.561996111,0.017778817,-0.018093198,0.415061585,0.013631687,-0.014095211,0.022942305,0.032188409,-0.031410504
1125,0.562105035,0.017790804,-0.0180774,0.415506242,0.013478459,-0.014124997,0.022388724,0.032202397,-0.031269262
1126,0.561593825,0.017509753,-0.018058058,0.415598202,0.013520213,-0.014191485,0.022807973,0.032249543,-0.031029966
1127,0.561964299,0.017634333,-0.018273772,0.415889292,0.013366861,-0.013994561,0.022146409,0.032268333,-0.030952745
1128,0.563178876,0.017690226,-0.018215905,0.416600324,0.013725806,-0.013978181,0.0202208,0.032194086,-0.031416032
1129,0.563690865,0.017661309,-0.018027479,0.41719159,0.013558345,-0.013821138,0.019117545,0.031848618,-0.031219654
1130,0.565409072,0.017871237,-0.017896204,0.418043901,0.013357462,-0.013742315,0.016547027,0.031638518,-0.030871695
1131,0.566376456,0.018200685,-0.017611098,0.419018209,0.013162532,-0.013455435,0.014605335,0.030965866,-0.031363217
1132,0.566664309,0.018499331,-0.018321926,0.419492943,0.013436932,-0.013447854,0.013842748,0.030846152,-0.031936262
1133,0.565724043,0.018955055,-0.018827317,0.420047714,0.014014877,-0.013508532,0.014228243,0.031852757,-0.032969933
1134,0.564218709,0.019102075,-0.01867488,0.419702811,0.014714723,-0.013712003,0.016078481,0.032144977,-0.033816799
1135,0.563142353,0.018827217,-0.017995503,0.41961005,0.015131193,-0.014153998,0.017247597,0.031767384,-0.03395841
1136,0.562680456,0.018227398,-0.017864711,0.41977338,0.014695067,-0.014399025,0.017546164,0.032263735,-0.032922465
1137,0.56145076,0.01755805,-0.01784736,0.419156798,0.014164411,-0.014403579,0.019392442,0.032250939,-0.031722462
1138,0.560190168,0.017415365,-0.017951043,0.418894982,0.013996176,-0.014535402,0.02091485,0.032486445,-0.031411541
1139,0.558776002,0.017348269,-0.017602731,0.419002477,0.014197056,-0.01440501,0.022221521,0.032007741,-0.031545325
1140,0.557695819,0.017254088,-0.017381114,0.418992442,0.014363661,-0.014499662,0.023311739,0.031880777,-0.031617749
1141,0.557666582,0.01745155,-0.017456078,0.419274402,0.014147544,-0.01436978,0.023059015,0.031825858,-0.031599093
1142,0.55766642,0.017573544,-0.017438683,0.419309926,0.01391822,-0.014338915,0.023023655,0.031777599,-0.031491764
1143,0.557597103,0.017508897,-0.017679874,0.419637274,0.013923563,-0.014403593,0.022765623,0.032083467,-0.03143246
1144,0.556746962,0.017149316,-0.017372371,0.41946057,0.013643053,-0.014330746,0.023792468,0.031703117,-0.030609959
1145,0.555387645,0.017410387,-0.017431692,0.419410683,0.01385401,-0.014614418,0.025201671,0.03204611,-0.030878812
1146,0.553967363,0.017447942,-0.017405939,0.419402576,0.013794077,-0.01445505,0.026630062,0.031860989,-0.030806846
1147,0.553353202,0.017532643,-0.017449309,0.419659245,0.013660617,-0.014496436,0.026987553,0.031945746,-0.031076177
1148,0.553470525,0.017440053,-0.017603923,0.42008194,0.013808475,-0.014524104,0.026447534,0.032128027,-0.031248528
1149,0.554332931,0.017328702,-0.017633025,0.420359143,0.013605831,-0.014406224,0.025307926,0.032039249,-0.030934533
1150,0.551445864,0.020150048,-0.021250768,0.417297681,0.014992663,-0.014176575,0.031256455,0.034441687,-0.032927939
1151,0.55120277,0.020142614,-0.021333184,0.417309656,0.015264074,-0.014526136,0.031487575,0.034430521,-0.033287455
1152,0.551364607,0.020354988,-0.021365966,0.41773477,0.015093026,-0.014258381,0.030900623,0.034583471,-0.032943398
1153,0.550853682,0.020629079,-0.021788998,0.417914704,0.01530091,-0.014404385,0.031231614,0.035061985,-0.03331201
1154,0.550679123,0.020451229,-0.021493376,0.418483581,0.015041415,-0.014212495,0.030837297,0.034731935,-0.032911543
1155,0.550183271,0.020544335,-0.021689534,0.418789605,0.01528436,-0.014452402,0.031027124,0.034926695,-0.03325572
1156,0.550328184,0.020197788,-0.021479296,0.41931665,0.015062967,-0.014375388,0.030355166,0.034601707,-0.033161709
1157,0.550418872,0.020391921,-0.021819178,0.419596211,0.015031601,-0.014426006,0.029984917,0.034870307,-0.033299669
1158,0.550056584,0.020297804,-0.0215549,0.420114813,0.01519106,-0.014521768,0.029828603,0.034676902,-0.033262423
1159,0.550585817,0.020819619,-0.022101875,0.420361799,0.015003775,-0.014346025,0.029052385,0.035231085,-0.033149027
1160,0.550638469,0.020690376,-0.021739413,0.420810584,0.015082195,-0.014415822,0.028550947,0.034886927,-0.03297329
1161,0.55168707,0.020739521,-0.021989166,0.421156543,0.015069676,-0.014383142,0.027156387,0.035168553,-0.033206338
1162,0.55134124,0.02082071,-0.021797974,0.421741717,0.015115808,-0.014546407,0.026917043,0.034876119,-0.03295853
1163,0.551736066,0.020918319,-0.021732706,0.422017025,0.015047299,-0.0145264,0.026246909,0.034775079,-0.032734219
1164,0.551796791,0.020770179,-0.021755428,0.422301706,0.01506114,-0.014508958,0.025901503,0.034837316,-0.032922037
1165,0.551591316,0.020628005,-0.021526366,0.422486135,0.015135461,-0.014436996,0.025922549,0.034756062,-0.032889517
1166,0.551578239,0.020286406,-0.021534241,0.422690478,0.015041358,-0.014345451,0.025731283,0.034773349,-0.033145009
1167,0.551716948,0.020529275,-0.021275417,0.423062372,0.015070339,-0.014367774,0.025220679,0.034531301,-0.032660189
1168,0.551422201,0.020511667,-0.021267343,0.422965349,0.014984404,-0.014338202,0.025612449,0.03446879,-0.032574995
1169,0.551652871,0.020773104,-0.021420952,0.423156721,0.014984508,-0.01424104,0.025190408,0.034725735,-0.032483264
1170,0.551219995,0.020860421,-0.021582777,0.423829284,0.015030015,-0.014322008,0.02495072,0.0348708,-0.032601106
1171,0.551163506,0.020906752,-0.021351915,0.423754239,0.014956806,-0.01432175,0.025082255,0.03456887,-0.032234833
1172,0.551319043,0.020543402,-0.021140478,0.424121843,0.015109351,-0.014457464,0.024559114,0.034377048,-0.032530591
1173,0.551388281,0.020857235,-0.021337003,0.424268484,0.01497391,-0.014247472,0.024343236,0.034660669,-0.032291946
1174,0.551297639,0.020756162,-0.021183482,0.424410013,0.014816084,-0.014452734,0.024292348,0.034157747,-0.032069625
1175,0.551334384,0.020876362,-0.021297703,0.4251221,0.015051487,-0.014557413,0.023543515,0.034411587,-0.032307149
1176,0.551671683,0.020795616,-0.021173614,0.425165048,0.015002707,-0.014554906,0.023163268,0.034245429,-0.032216842
1177,0.551612498,0.020572304,-0.020923185,0.425428061,0.014847446,-0.014294608,0.022959441,0.034117432,-0.032017309
1178,0.55153895,0.020827808,-0.020814097,0.425774234,0.014798126,-0.014370617,0.022686816,0.033896878,-0.031904837
1179,0.551314153,0.020546905,-0.020601367,0.426039861,0.014861498,-0.014458396,0.022645986,0.033664483,-0.031706639
1180,0.550892286,0.020461571,-0.020394651,0.426250615,0.014696989,-0.014417645,0.022857098,0.033350282,-0.031518131
1181,0.550698203,0.020399828,-0.020393186,0.426527333,0.014951155,-0.014422796,0.022774464,0.033591811,-0.031704978
1182,0.550260003,0.020492265,-0.020504096,0.426473929,0.014737297,-0.01442331,0.023266068,0.033499112,-0.031556623
1183,0.549870953,0.020726475,-0.020420713,0.42654182,0.014667076,-0.014430732,0.023587227,0.033344331,-0.03178715
1184,0.549501382,0.020355398,-0.020210716,0.427013991,0.01482621,-0.014491793,0.023484627,0.033238128,-0.031397023
1185,0.549153764,0.020662921,-0.020324458,0.427037446,0.01457572,-0.014330318,0.02380879,0.033278191,-0.031860878
1186,0.548430144,0.020465887,-0.020309795,0.427456669,0.014710887,-0.014170191,0.024113187,0.033564258,-0.031859808
1187,0.547939735,0.0202088,-0.02025396,0.427676997,0.014639383,-0.014051891,0.024383268,0.033566379,-0.031741967
1188,0.547330083,0.020211865,-0.02037299,0.427331614,0.014574807,-0.014108551,0.025338303,0.03355697,-0.031663504
1189,0.547214824,0.020182116,-0.020060647,0.427831953,0.014618359,-0.014053853,0.024953223,0.033356224,-0.031722784
1190,0.546909329,0.020365994,-0.020271002,0.427957307,0.014721754,-0.014210298,0.025133364,0.033511487,-0.031748295
1191,0.545849026,0.020077821,-0.020069173,0.428137118,0.014671074,-0.014155139,0.026013856,0.033322797,-0.031529815
1192,0.545371195,0.020247819,-0.020230824,0.428176322,0.014951417,-0.014406698,0.026452483,0.033498146,-0.03153492
1193,0.544571522,0.020046312,-0.02015357,0.428329763,0.014890546,-0.014352193,0.027098715,0.033422943,-0.031571017
1194,0.544554386,0.020038705,-0.020214628,0.428485007,0.014973349,-0.014375677,0.026960607,0.033543426,-0.03172578
1195,0.544087006,0.019953681,-0.020010983,0.428563551,0.014913102,-0.0143106,0.027349442,0.033350614,-0.031521161
1196,0.543564343,0.019814832,-0.020078983,0.428924424,0.014900432,-0.01429227,0.027511233,0.033436468,-0.031704835
1197,0.542846421,0.020036999,-0.020362996,0.429006561,0.015008799,-0.014245723,0.028147018,0.03387169,-0.031872411
1198,0.542420255,0.020023848,-0.020169326,0.429298206,0.015091858,-0.014447093,0.028281539,0.03356413,-0.031750978
1199,0.541559076,0.020007582,-0.020315788,0.429304584,0.014984795,-0.014355611,0.029136339,0.03370145,-0.031791465
1200,0.541562052,0.01962986,-0.020131478,0.429722279,0.015127382,-0.014408174,0.028715669,0.033612119,-0.032116147
1201,0.541353012,0.019760806,-0.020551345,0.429839379,0.01534092,-0.014576318,0.028807609,0.034068659,-0.032638695
1202,0.540799556,0.019718472,-0.020478885,0.430171241,0.015017368,-0.014441103,0.029029203,0.033837244,-0.032264957
1203,0.540433689,0.019665233,-0.02054609,0.43018904,0.015257342,-0.014574225,0.029377271,0.033997889,-0.032619236
1204,0.540466754,0.019605842,-0.020306856,0.430553012,0.01529662,-0.0145183,0.028980234,0.033863124,-0.032464802
1205,0.540164469,0.019956489,-0.02047717,0.430812112,0.01512999,-0.01461154,0.029023418,0.0337915,-0.032119867
1206,0.540007001,0.019923495,-0.020425245,0.431153183,0.01539441,-0.014596731,0.028839816,0.03401423,-0.032357712
1207,0.53987499,0.019772416,-0.020690493,0.431147862,0.015177617,-0.014565692,0.028977147,0.034106183,-0.032569938
1208,0.539373065,0.019939187,-0.02042658,0.432070565,0.015036778,-0.014503977,0.028556371,0.033800644,-0.031967964
1209,0.539227014,0.020056093,-0.020554983,0.432142479,0.015330873,-0.014650287,0.028630506,0.034061983,-0.032277388
1210,0.5393769,0.019760121,-0.020303404,0.432686848,0.015220325,-0.014473682,0.027936252,0.033900183,-0.03219989
1211,0.539431936,0.019878887,-0.02059932,0.432620088,0.015036406,-0.014250563,0.027947976,0.034243893,-0.032212973
1212,0.5383526,0.01964404,-0.020603153,0.433477857,0.015300082,-0.01448186,0.028169543,0.034291977,-0.032685189
1213,0.538515518,0.019749859,-0.020502725,0.433286304,0.015033568,-0.014515449,0.028198178,0.033900891,-0.032210802
1214,0.538737127,0.019398722,-0.020128553,0.433478452,0.015204024,-0.014508168,0.027784421,0.033700626,-0.032341315
1215,0.539183226,0.019508448,-0.02020346,0.433664712,0.015176391,-0.014455964,0.027152062,0.033807628,-0.032296053
1216,0.539093686,0.019419137,-0.020184332,0.434137442,0.015302473,-0.014553912,0.026768872,0.033824297,-0.032488613
1217,0.538243098,0.019206432,-0.020042796,0.434392153,0.015299198,-0.014509266,0.027364749,0.033732409,-0.032523814
1218,0.539137978,0.019433698,-0.020231294,0.43468352,0.015007064,-0.014384818,0.026178503,0.033779489,-0.032229757
1219,0.539125531,0.019467336,-0.019956633,0.434795468,0.015271629,-0.014433719,0.026079001,0.033708634,-0.032168684
1220,0.53875308,0.019596096,-0.020202321,0.43486259,0.015164983,-0.014612644,0.02638433,0.033677094,-0.03218368
1221,0.539001582,0.019324566,-0.019975343,0.435111885,0.015109012,-0.01433913,0.025886533,0.033678835,-0.032165216
1222,0.539260718,0.019395853,-0.020094465,0.435770791,0.015131021,-0.014169691,0.024968491,0.034009041,-0.032249722
1223,0.538694825,0.019303149,-0.019737924,0.435751858,0.015067616,-0.014269129,0.025553317,0.033492749,-0.031884498
1224,0.538826018,0.019111211,-0.019968698,0.436100066,0.015242883,-0.0143235,0.025073916,0.033845265,-0.032500445
1225,0.538946163,0.019084851,-0.019696058,0.436504532,0.014975244,-0.014064624,0.024549305,0.033592293,-0.031973043
1226,0.538040334,0.019271856,-0.019889883,0.436187943,0.015226465,-0.014301627,0.025771723,0.033775651,-0.032217579
1227,0.53835031,0.019005124,-0.019728096,0.436419287,0.01540916,-0.014233962,0.025230402,0.033860926,-0.032503935
1228,0.538280982,0.019113065,-0.019643178,0.436794113,0.015223703,-0.014305843,0.024924905,0.033541374,-0.032118416
1229,0.538373717,0.019093168,-0.019585833,0.437155817,0.015179544,-0.014300975,0.024470466,0.033458793,-0.032035871
1230,0.537707896,0.019243859,-0.019289731,0.437320392,0.014969824,-0.014288082,0.024971712,0.032983305,-0.031342303
1231,0.537551385,0.01908441,-0.019821628,0.437256995,0.015213102,-0.014430439,0.02519162,0.033599939,-0.032305423
1232,0.537237333,0.018926062,-0.019440421,0.437973961,0.015168947,-0.014270503,0.024788706,0.033359848,-0.032005992
1233,0.537177058,0.019018449,-0.019446229,0.437792601,0.015062086,-0.014378894,0.025030341,0.03315087,-0.031811214
1234,0.536835237,0.018795715,-0.019233658,0.437939006,0.015168957,-0.014416902,0.025225757,0.033005586,-0.03190548
1235,0.535944789,0.019047494,-0.019488203,0.43775618,0.015280173,-0.014574157,0.026299031,0.033201808,-0.032010145
1236,0.535815159,0.018867458,-0.019354377,0.438329177,0.015031689,-0.014182322,0.025855664,0.033243999,-0.031795944
1237,0.535251209,0.018816355,-0.019184672,0.438195646,0.01543126,-0.014802259,0.026553145,0.032826413,-0.032050544
1238,0.534414092,0.018695801,-0.019417264,0.438366983,0.015289926,-0.014560003,0.027218925,0.0331736,-0.032253183
1239,0.53453976,0.018895033,-0.019226568,0.438671308,0.015227662,-0.014470418,0.026788931,0.033023513,-0.031792732
1240,0.533788812,0.018940008,-0.019301631,0.43883094,0.015247316,-0.01448706,0.027380248,0.033105512,-0.031825983
1241,0.53335431,0.01883864,-0.0192466,0.439031941,0.015416701,-0.014606236,0.02761375,0.033097203,-0.032026071
1242,0.53324788,0.018733154,-0.019279307,0.439126569,0.01523662,-0.014627753,0.027625551,0.032941807,-0.031983211
1243,0.532486612,0.018632936,-0.019253855,0.439382068,0.015201046,-0.014496941,0.02813132,0.033021777,-0.031999404
1244,0.531400701,0.018842587,-0.019592412,0.439721118,0.015362645,-0.014590587,0.028878182,0.033429637,-0.032280289
1245,0.531719575,0.018704811,-0.019218911,0.440059543,0.015264644,-0.014615221,0.028220882,0.032949954,-0.031932433
1246,0.531175851,0.018804601,-0.019165948,0.44037137,0.015190957,-0.014617718,0.028452779,0.032834998,-0.031687414
1247,0.530666999,0.018601808,-0.019333186,0.440480838,0.015405994,-0.014649291,0.028852163,0.033176649,-0.032268506
1248,0.53081239,0.018861696,-0.019311273,0.440607092,0.015521724,-0.014679621,0.028580518,0.033237404,-0.032105172
1249,0.529724772,0.018508133,-0.019160219,0.440791999,0.015293951,-0.014539214,0.029483228,0.033018123,-0.032039954
1250,0.529647768,0.018482999,-0.01932282,0.440802548,0.015285513,-0.014544879,0.029549684,0.033167448,-0.032227142
1251,0.529343458,0.018754393,-0.01931192,0.44133425,0.015471206,-0.01474884,0.029322292,0.033144342,-0.032121302
1252,0.529063763,0.018736313,-0.01958218,0.441497005,0.015460842,-0.014947304,0.029439232,0.033211545,-0.032408123
1253,0.528392895,0.01867934,-0.019360765,0.44177748,0.015421415,-0.014873459,0.029829625,0.033035749,-0.032171676
1254,0.529001458,0.01878027,-0.019466706,0.442350877,0.015472385,-0.014855048,0.028647665,0.033226306,-0.03225134
1255,0.52799303,0.019198703,-0.019794328,0.442219153,0.015360919,-0.014922948,0.029787817,0.033376873,-0.032040945
1256,0.527759697,0.018587764,-0.019115988,0.443105744,0.01538095,-0.01471591,0.029134558,0.032952583,-0.03194505
1257,0.527790339,0.019177678,-0.019392115,0.443032166,0.015349429,-0.014890761,0.029177495,0.033021838,-0.031617684
1258,0.527451874,0.018908135,-0.019385505,0.443685927,0.0154216,-0.014810917,0.0288622,0.033183794,-0.031942853
1259,0.526825177,0.018743205,-0.019570499,0.443782464,0.015437626,-0.015042836,0.029392359,0.033155025,-0.032302608
1260,0.527345562,0.018760855,-0.019421845,0.443965907,0.015102473,-0.014771948,0.02868853,0.032967455,-0.031806601
1261,0.526689161,0.019165245,-0.019273569,0.444376933,0.015319513,-0.014640886,0.028933906,0.033167687,-0.031443331
1262,0.526158197,0.018918399,-0.019628351,0.444631844,0.015442805,-0.015008593,0.02920996,0.033278964,-0.032175251
1263,0.526682919,0.018624438,-0.019277196,0.445178135,0.015120292,-0.014501923,0.028138947,0.033148097,-0.031788593
1264,0.526403,0.018874506,-0.019508047,0.445210686,0.015411384,-0.014934335,0.028386314,0.033221704,-0.032066868
1265,0.526145725,0.018730227,-0.019285537,0.445846785,0.015455453,-0.014987603,0.02800749,0.033007622,-0.032011701
1266,0.526247781,0.01894464,-0.019418794,0.445813212,0.015273591,-0.014810394,0.027939006,0.033145754,-0.031759798
1267,0.525881205,0.018726551,-0.019352275,0.44586901,0.015597112,-0.01499729,0.028249785,0.033198786,-0.032220458
1268,0.525624434,0.018799729,-0.019267349,0.446303024,0.015230863,-0.014542165,0.028072542,0.033237851,-0.031683626
1269,0.525216756,0.018667447,-0.019100133,0.446263413,0.015500302,-0.014999272,0.028519831,0.032866013,-0.031896314
1270,0.525753664,0.01859976,-0.018904374,0.446999557,0.015408647,-0.014807272,0.027246779,0.032799309,-0.031679589
1271,0.525506442,0.019158362,-0.019308632,0.447120546,0.015360523,-0.014778044,0.027373013,0.033191315,-0.031495168
1272,0.524980216,0.018862025,-0.019189758,0.447416711,0.015397458,-0.014945853,0.027603072,0.032948818,-0.031687403
1273,0.525481336,0.019194406,-0.019202435,0.447883209,0.015548161,-0.014778273,0.026635455,0.033285809,-0.03153329
1274,0.52475612,0.018556463,-0.019056191,0.447501168,0.015265667,-0.014721375,0.027742712,0.032918297,-0.031713038
1275,0.525925988,0.01903293,-0.019051991,0.448388604,0.015455048,-0.01463878,0.025685408,0.033203215,-0.031454417
1276,0.525355251,0.018720852,-0.019072862,0.448040898,0.015417175,-0.014650606,0.02660385,0.033165555,-0.031734721
1277,0.525961583,0.01919167,-0.01913192,0.448659969,0.015431476,-0.014608643,0.025378448,0.033299697,-0.031431562
1278,0.525145546,0.018453001,-0.01890233,0.448871136,0.015357328,-0.014632799,0.025983318,0.032982826,-0.031755743
1279,0.52496379,0.018804063,-0.018999298,0.449409064,0.015251792,-0.014568806,0.025627146,0.033061476,-0.031396994
1280,0.525103439,0.01897826,-0.019027501,0.449477066,0.015164574,-0.014497994,0.025419494,0.033080514,-0.031386189
1281,0.524717036,0.018254433,-0.01875234,0.449056315,0.015396898,-0.014575957,0.026226649,0.032932823,-0.031822553
1282,0.524964857,0.018633266,-0.01874481,0.449824255,0.015183677,-0.014428222,0.025210887,0.032896607,-0.031229478
1283,0.524461297,0.018721548,-0.018939501,0.449876784,0.01540824,-0.014573409,0.025661919,0.03315926,-0.03155832
1284,0.523911416,0.018695313,-0.018885435,0.449925106,0.015126103,-0.014432948,0.026163478,0.032981487,-0.031229532
1285,0.524029745,0.018826054,-0.018975814,0.450904708,0.01530541,-0.014527995,0.025065546,0.033176782,-0.031377398
1286,0.52378733,0.018524233,-0.018618285,0.450653209,0.015133322,-0.014411618,0.025559461,0.032765582,-0.031120664
1287,0.522827477,0.018781673,-0.018823428,0.450477022,0.015182743,-0.014399233,0.026695501,0.033024058,-0.031356324
1288,0.5230975,0.018449049,-0.018669739,0.450880038,0.015379242,-0.014503765,0.026022461,0.032963684,-0.031476989
1289,0.523039345,0.018417153,-0.01829563,0.451459395,0.015150313,-0.014316344,0.02550126,0.032579796,-0.031140585
1290,0.522834923,0.018630876,-0.018720244,0.451076874,0.015561309,-0.014528624,0.026088203,0.033167041,-0.031523469
1291,0.522205713,0.01819508,-0.018076127,0.45192333,0.015101795,-0.014406908,0.025870957,0.032483035,-0.031110422
1292,0.522214878,0.018310349,-0.018449227,0.451608051,0.015234223,-0.014392734,0.02617707,0.032841962,-0.031211679
1293,0.521505578,0.018015617,-0.018111752,0.451976838,0.015097306,-0.014359249,0.026517584,0.032471001,-0.030991181
1294,0.521278843,0.018283392,-0.018372639,0.452302555,0.015333064,-0.014428127,0.026418602,0.032800766,-0.031229807
1295,0.520091834,0.018446072,-0.018621818,0.452054221,0.015239097,-0.014406939,0.027853945,0.032917885,-0.031204344
1296,0.520175209,0.018341271,-0.01820205,0.452501593,0.015401415,-0.014541911,0.027323198,0.032743961,-0.03111662
1297,0.519343178,0.017834381,-0.017980162,0.452383931,0.015159356,-0.014431566,0.02827289,0.032186975,-0.031033878
1298,0.519824572,0.018430127,-0.018274616,0.453023387,0.015436367,-0.014625331,0.027152041,0.032568839,-0.031041358
1299,0.518624872,0.018161243,-0.018121376,0.453028925,0.015085767,-0.014415794,0.028346203,0.032295136,-0.030876159
1300,0.518616781,0.018473621,-0.018395255,0.453665865,0.015460183,-0.0146069,0.027717354,0.032750735,-0.031115789
1301,0.517700235,0.017882476,-0.017906128,0.453327978,0.015153258,-0.01446968,0.028971787,0.032099055,-0.030854832
1302,0.517875824,0.018050774,-0.018119226,0.453796507,0.015463196,-0.014622008,0.028327669,0.032466583,-0.031227694
1303,0.517172213,0.018457709,-0.018319031,0.454041523,0.01552679,-0.014537089,0.028786263,0.032856119,-0.031145904
1304,0.517300352,0.018280175,-0.018226905,0.454177833,0.015514657,-0.014609354,0.028521814,0.032836259,-0.031147896
1305,0.516300621,0.018164263,-0.018183349,0.454220233,0.01543609,-0.014805835,0.029479146,0.032334804,-0.031110853
1306,0.516490435,0.01811711,-0.017893256,0.454575484,0.015268035,-0.014500623,0.028934081,0.032202937,-0.030837613
1307,0.515975485,0.018203681,-0.018237514,0.454630019,0.015508046,-0.014740086,0.029394496,0.032535492,-0.031191757
1308,0.515222849,0.01805377,-0.017995111,0.455179046,0.015401806,-0.014651378,0.029598105,0.032299177,-0.030956848
1309,0.514822016,0.018096412,-0.018184815,0.455133184,0.015834739,-0.015000065,0.0300448,0.032546451,-0.031537297
1310,0.514591198,0.017878165,-0.018118449,0.455347622,0.015663241,-0.015000653,0.03006118,0.032324797,-0.031507078
1311,0.514297538,0.018025935,-0.017938847,0.455862151,0.015722346,-0.01486968,0.02984031,0.032348165,-0.031219437
1312,0.513458062,0.017766252,-0.017959998,0.456104958,0.015726658,-0.015006723,0.03043698,0.032244041,-0.031482264
1313,0.513603321,0.017984526,-0.017899127,0.456469921,0.015680292,-0.014953295,0.029926758,0.032204521,-0.031157077
1314,0.513238097,0.017618228,-0.0181151,0.455918646,0.015578681,-0.014852226,0.030843257,0.03240837,-0.031640818
1315,0.513277092,0.017683086,-0.017774741,0.457394883,0.015630202,-0.014858068,0.029328026,0.032157555,-0.031267165
1316,0.513062827,0.01761219,-0.017829809,0.456991717,0.015516532,-0.014838483,0.029945456,0.03211236,-0.031276835
1317,0.51256299,0.018020462,-0.018155535,0.457457488,0.015929136,-0.015091491,0.029979522,0.032588433,-0.031612973
1318,0.512798839,0.017836457,-0.018196504,0.457354153,0.015398342,-0.014861861,0.029847008,0.032355879,-0.031316326
1319,0.512655076,0.017700262,-0.018046009,0.457903252,0.015856479,-0.014982261,0.029441672,0.032533866,-0.031746808
1320,0.51195377,0.017536455,-0.018153101,0.458381758,0.015757024,-0.01497703,0.029664472,0.032567719,-0.031905139
1321,0.512792686,0.017733288,-0.017945948,0.458409868,0.015643156,-0.014665485,0.028797447,0.032611433,-0.031398081
1322,0.511987258,0.01752246,-0.017953724,0.458693109,0.01575379,-0.01505276,0.029319633,0.03229945,-0.031705133
1323,0.512082924,0.017545172,-0.017947714,0.45929912,0.01570324,-0.014749467,0.028617956,0.032568367,-0.031628181
1324,0.511493508,0.017891753,-0.018114362,0.459394963,0.015768743,-0.014967255,0.029111529,0.032581959,-0.031507471
1325,0.511882852,0.01739996,-0.018112912,0.460010646,0.015580291,-0.014801668,0.028106502,0.032588167,-0.031820229
1326,0.511732011,0.017567817,-0.017947949,0.459929553,0.016076133,-0.014921146,0.028338436,0.032869095,-0.031968802
1327,0.510926582,0.017795378,-0.01807339,0.460080556,0.015643588,-0.014746117,0.028992862,0.032666025,-0.031419227
1328,0.511845043,0.017663547,-0.017971008,0.460448554,0.015747278,-0.014766404,0.027706403,0.032737413,-0.031571884
1329,0.511524181,0.017711502,-0.018042936,0.460958572,0.01567839,-0.014818323,0.027517247,0.032861259,-0.031522388
1330,0.511413812,0.017864067,-0.018213453,0.460900152,0.015801469,-0.014776343,0.027686035,0.032950566,-0.03167086
1331,0.511555879,0.017514957,-0.017895687,0.461563019,0.015539306,-0.01472071,0.026881102,0.032616398,-0.031424383
1332,0.511148845,0.017812124,-0.01796171,0.4616804,0.015600111,-0.014760401,0.027170754,0.032549908,-0.031246673
1333,0.51094116,0.017304351,-0.017623628,0.462144988,0.015683245,-0.014760079,0.026913852,0.032305188,-0.031472739
1334,0.510614292,0.017464984,-0.017632517,0.462413647,0.015731474,-0.014974138,0.02697206,0.032606655,-0.031360575
1335,0.510879625,0.017355711,-0.017723394,0.46215915,0.015716458,-0.014849272,0.026961224,0.032572667,-0.031558798
1336,0.510946817,0.017477237,-0.01754334,0.462966778,0.015701373,-0.014881191,0.026086405,0.032424531,-0.031232888
1337,0.511307146,0.017316128,-0.017568939,0.463242885,0.015507232,-0.014743658,0.025449968,0.032312597,-0.031237179
1338,0.51096118,0.017195034,-0.017553362,0.463272096,0.015515336,-0.014766395,0.025766724,0.032319757,-0.031340099
1339,0.510481167,0.017293013,-0.017432969,0.463206138,0.01534931,-0.014756062,0.026312694,0.032189031,-0.030934744
1340,0.510363797,0.017349066,-0.017574033,0.463519881,0.015564812,-0.014770385,0.026116321,0.032177403,-0.031240679
1341,0.510309933,0.017370067,-0.017522369,0.463450363,0.01570813,-0.015008468,0.026239703,0.032530837,-0.031306622
1342,0.509762471,0.017369534,-0.017670111,0.463653224,0.015713454,-0.014891559,0.026584306,0.03256167,-0.03145395
1343,0.509886708,0.017248863,-0.017655369,0.463804891,0.015944286,-0.014953987,0.026308401,0.032609355,-0.031793296
1344,0.509464502,0.017225897,-0.01747051,0.464256633,0.015626124,-0.014991996,0.026278865,0.032462506,-0.031289924
1345,0.509420299,0.017100591,-0.017318522,0.464079532,0.015705519,-0.014901386,0.026500169,0.032219907,-0.031331991
1346,0.509735077,0.017140882,-0.017244849,0.464516934,0.015748962,-0.014948704,0.025747989,0.032193553,-0.031265773
1347,0.508588345,0.016859802,-0.017402324,0.464219236,0.01583934,-0.014996908,0.027192419,0.032399233,-0.031772173
1348,0.508255029,0.017119621,-0.017472106,0.464411208,0.01594947,-0.014990419,0.027333763,0.032462524,-0.031687201
1349,0.508480322,0.017275591,-0.017358757,0.46479937,0.015570417,-0.014966069,0.026720308,0.032324827,-0.031038159
1350,0.508620699,0.017443487,-0.0174707,0.464995616,0.015755165,-0.015012796,0.026383685,0.032483496,-0.031177829
1351,0.507833427,0.016928057,-0.017028111,0.465247169,0.015765141,-0.015250452,0.026919403,0.032278563,-0.031211112
1352,0.507627664,0.01690743,-0.016950149,0.465332529,0.01565345,-0.015121773,0.027039807,0.032071923,-0.031031473
1353,0.508088164,0.017027936,-0.017036445,0.465909407,0.015578363,-0.015120146,0.026002429,0.032156591,-0.030940473
1354,0.507197505,0.017300474,-0.017074408,0.466061844,0.015442434,-0.014929969,0.026740651,0.032004378,-0.03082851
1355,0.50686879,0.017586891,-0.017236002,0.465887714,0.015610312,-0.015190614,0.027243497,0.032426616,-0.031218915
1356,0.506809179,0.017305921,-0.016877234,0.466626426,0.015381418,-0.015345137,0.026564395,0.032222372,-0.031351713
1357,0.506158348,0.017197833,-0.01711821,0.466144385,0.015723763,-0.014886601,0.027697266,0.031838378,-0.030948487
1358,0.505378467,0.017991475,-0.018015816,0.465870578,0.016053269,-0.015101633,0.028750955,0.03282257,-0.031415529
1359,0.505524821,0.017520478,-0.016950056,0.466899991,0.015283267,-0.015190002,0.027575188,0.032140058,-0.031507388
1360,0.504774705,0.01803089,-0.017427074,0.46780144,0.01499431,-0.015459235,0.027423855,0.032886309,-0.032618014
1361,0.505020905,0.016853579,-0.016370727,0.467830272,0.015429981,-0.015459513,0.027148824,0.03183024,-0.031006138
1362,0.504244942,0.016924566,-0.01673803,0.468291859,0.015385698,-0.015312715,0.027463199,0.032050745,-0.030978522
1363,0.504750341,0.017210978,-0.016879114,0.467311115,0.015106602,-0.015169042,0.027938545,0.032048156,-0.031363868
1364,0.502949165,0.018231836,-0.018058333,0.467230458,0.015671167,-0.015162272,0.029820377,0.033220606,-0.031810701
1365,0.502743652,0.017118344,-0.016497345,0.469461572,0.01566613,-0.015555611,0.027794776,0.032052956,-0.031182709
1366,0.502490902,0.017469497,-0.016634963,0.467736517,0.015199088,-0.015141022,0.029772581,0.031775985,-0.03151212
1367,0.501954696,0.017772427,-0.017547993,0.468337193,0.015913067,-0.015252523,0.029708111,0.032800516,-0.031236375
1368,0.501772172,0.016373458,-0.016498473,0.469575522,0.01571639,-0.015342817,0.028652306,0.03184129,-0.03098397
1369,0.501035704,0.016980209,-0.016891562,0.46934249,0.015503118,-0.015247125,0.029621806,0.032138687,-0.030876667
1370,0.500282645,0.017277844,-0.017095629,0.469161392,0.015892908,-0.015353775,0.030555963,0.032449403,-0.030892662
1371,0.500194821,0.016903479,-0.016456183,0.469907104,0.015721087,-0.015481277,0.029898076,0.031937461,-0.030846494
1372,0.499571372,0.017185636,-0.017016114,0.469571864,0.016020361,-0.01537498,0.030856764,0.032391095,-0.030963484
1373,0.499359267,0.016923663,-0.017736769,0.469141803,0.016482491,-0.015450309,0.03149893,0.032702919,-0.032446848
1374,0.49909297,0.016220248,-0.016823725,0.469568786,0.015965624,-0.015110388,0.031338244,0.031934113,-0.031656381
1375,0.498283093,0.016891517,-0.017003037,0.470105426,0.016034088,-0.015447215,0.031611481,0.032450252,-0.031221186
1376,0.497786939,0.016742933,-0.01659367,0.470376343,0.016077031,-0.015719089,0.031836718,0.032312759,-0.03096406
1377,0.498009419,0.017309834,-0.01719708,0.470375896,0.016042168,-0.015287132,0.031614685,0.032484212,-0.031009293
1378,0.498094661,0.016651175,-0.016604627,0.471104932,0.015726114,-0.015439283,0.030800408,0.03204391,-0.030725197
1379,0.497158544,0.017488938,-0.017229543,0.470730797,0.016395721,-0.015386201,0.032110658,0.032615744,-0.031194265
1380,0.497818853,0.01654754,-0.016607,0.471657021,0.016069316,-0.015565819,0.030524126,0.032172819,-0.031166792
1381,0.496925454,0.017320601,-0.017518693,0.471395626,0.016300469,-0.015352304,0.031678919,0.032870997,-0.031567825
1382,0.498090302,0.016377036,-0.016045227,0.472345208,0.015596052,-0.015956879,0.02956449,0.032002106,-0.031018725
1383,0.496746303,0.018235905,-0.017999173,0.471794228,0.016329703,-0.0152226,0.031459469,0.033221773,-0.031348739
1384,0.498084003,0.015500665,-0.015259757,0.473149976,0.01530158,-0.016124275,0.028766021,0.031275189,-0.030802245
1385,0.496220315,0.018106424,-0.018366575,0.472077124,0.01644128,-0.015585937,0.031702561,0.033251478,-0.031803297
1386,0.496762654,0.016791434,-0.01683623,0.473090951,0.015960116,-0.015038599,0.030146395,0.031874829,-0.031027381
1387,0.496216087,0.016801709,-0.016831497,0.473102615,0.016093114,-0.015279587,0.030681298,0.032111084,-0.031129695
1388,0.495423546,0.01657573,-0.016963845,0.473429366,0.01611441,-0.015764765,0.031147088,0.032728609,-0.031495199
1389,0.496191528,0.015964343,-0.015996351,0.474440883,0.015150739,-0.015551999,0.029367589,0.03154835,-0.030680403
1390,0.495016228,0.017510255,-0.017942739,0.473321078,0.015923446,-0.01506759,0.031662694,0.032897811,-0.03139769
1391,0.495929281,0.015838255,-0.016380574,0.474880817,0.015678056,-0.015650476,0.029189902,0.03203105,-0.031191203
1392,0.494231336,0.016501093,-0.016734456,0.474054481,0.015894987,-0.015809954,0.031714183,0.03254441,-0.031073281
1393,0.495118896,0.016299815,-0.016309465,0.474944887,0.015498181,-0.015727975,0.029936217,0.03203744,-0.030869479
1394,0.495403318,0.016726234,-0.016787588,0.474694637,0.016001452,-0.016016192,0.029902045,0.03280378,-0.031091629
1395,0.495382895,0.016197869,-0.016579815,0.475908759,0.01596748,-0.015793549,0.028708346,0.032373363,-0.031317201
1396,0.495341887,0.016501931,-0.016250628,0.475909393,0.015596534,-0.016061538,0.02874872,0.032312166,-0.031354584
1397,0.495107993,0.017216814,-0.016703176,0.476126859,0.01560998,-0.015739141,0.028765148,0.032442316,-0.031719801
1398,0.495454369,0.016489034,-0.016673721,0.475470831,0.015495155,-0.015711904,0.0290748,0.032385625,-0.031059461
1399,0.495162352,0.016328278,-0.016991436,0.476227047,0.016086392,-0.015820772,0.028610601,0.032812208,-0.03173658
1400,0.494490994,0.015913851,-0.015931146,0.477406947,0.016063471,-0.016330376,0.028102058,0.032261522,-0.030983316
1401,0.495666374,0.015894893,-0.015669247,0.477786857,0.015595393,-0.016410397,0.026546769,0.032079643,-0.031171964
1402,0.496017046,0.016135816,-0.01596124,0.477598879,0.015586962,-0.016330207,0.026384074,0.032291447,-0.031330877
1403,0.494834916,0.016146072,-0.017065363,0.477072628,0.016350857,-0.015541318,0.028092455,0.032606681,-0.032252535
1404,0.494340955,0.015916389,-0.016622526,0.477616331,0.016401436,-0.015617543,0.028042714,0.032240069,-0.032048665
1405,0.494290845,0.015749435,-0.016266827,0.477479048,0.015964558,-0.016041826,0.028230106,0.032308653,-0.03139963
1406,0.494376238,0.015522803,-0.016081925,0.477928242,0.015718999,-0.016197835,0.02769552,0.032279759,-0.031186767
1407,0.493783295,0.017353149,-0.018015921,0.476948872,0.016800735,-0.015508769,0.029267833,0.03352469,-0.032475093
1408,0.494714515,0.015592382,-0.015881972,0.478582897,0.015663843,-0.016258026,0.026702588,0.032139998,-0.030859231
1409,0.493296146,0.016469228,-0.01671828,0.477870457,0.016043386,-0.016108736,0.028833396,0.032827016,-0.031210048
1410,0.493618561,0.015516513,-0.01595801,0.478795663,0.015951443,-0.016270928,0.027585776,0.032228938,-0.031272598
1411,0.493578569,0.01647965,-0.016684384,0.478405054,0.015729035,-0.016171869,0.028016378,0.032856253,-0.031387195
1412,0.493086261,0.015852425,-0.016012051,0.479035923,0.016052935,-0.016111825,0.027877816,0.032123877,-0.03108058
1413,0.492738749,0.015717918,-0.016041896,0.478745757,0.015976834,-0.015821421,0.028515494,0.031863317,-0.031160897
1414,0.492884132,0.015929933,-0.016343852,0.479029642,0.016071874,-0.016287629,0.028086225,0.032631481,-0.031368647
1415,0.492843511,0.015464354,-0.015964942,0.479689814,0.016027597,-0.016596112,0.027466675,0.032561054,-0.031386458
1416,0.491880061,0.016603681,-0.016765524,0.478628556,0.016319533,-0.016021323,0.029491383,0.032786847,-0.031362054
1417,0.492206002,0.016004305,-0.016327798,0.479575773,0.01627402,-0.01631333,0.028218224,0.032641129,-0.031460289
1418,0.491587992,0.015875851,-0.015903449,0.479557751,0.015922888,-0.016205381,0.028854257,0.03210883,-0.030769618
1419,0.491709235,0.015602076,-0.016101598,0.480181796,0.016204325,-0.016330854,0.028108969,0.032432452,-0.031538648
1420,0.491555875,0.015708849,-0.015728429,0.480360353,0.015755692,-0.016169998,0.028083772,0.031898427,-0.030642782
1421,0.490926523,0.016112836,-0.016432306,0.480299368,0.016244552,-0.016363705,0.028774109,0.032796011,-0.031397251
1422,0.489658284,0.015691158,-0.015924093,0.480041337,0.016165213,-0.016051876,0.030300379,0.031975969,-0.031164248
1423,0.490202324,0.015763753,-0.016042874,0.480920221,0.016075626,-0.01624333,0.028877455,0.032286204,-0.031143505
1424,0.490174131,0.01556692,-0.015870545,0.481263332,0.016191058,-0.016590882,0.028562536,0.032461427,-0.031271989
1425,0.489458213,0.015734338,-0.015811001,0.481154241,0.016124462,-0.016369311,0.029387546,0.032180311,-0.030954597
1426,0.488478009,0.015633407,-0.015843147,0.481353038,0.016212181,-0.01624053,0.030168953,0.032083677,-0.031149796
1427,0.488415421,0.015640164,-0.01586681,0.481383666,0.016166884,-0.016114338,0.030200913,0.031981148,-0.031121107
1428,0.487969897,0.01572938,-0.015890393,0.481668305,0.016257442,-0.016438486,0.030361798,0.032328879,-0.031134951
1429,0.488090224,0.015722841,-0.015729491,0.481855209,0.015920143,-0.016309312,0.030054567,0.032038803,-0.030682326
1430,0.487630255,0.015836939,-0.0159809,0.48190067,0.015977319,-0.016353151,0.030469075,0.032334051,-0.030833816
1431,0.486791068,0.016050404,-0.016248424,0.481598326,0.016260862,-0.016096718,0.031610606,0.032345142,-0.031164348
1432,0.487138574,0.015879003,-0.015716528,0.482886731,0.016249708,-0.016626686,0.029974695,0.032343214,-0.030874959
1433,0.486936008,0.015359254,-0.015663159,0.482889428,0.016180288,-0.01643635,0.030174564,0.032099509,-0.031157536
1434,0.485969126,0.015764736,-0.016064861,0.482352467,0.016373792,-0.016406599,0.031678407,0.03247146,-0.031344895
1435,0.485387609,0.015731294,-0.015918012,0.482987846,0.016074263,-0.016374581,0.031624545,0.032292593,-0.030906509
1436,0.485001127,0.01560075,-0.015708717,0.48325357,0.016265571,-0.016706149,0.031745303,0.032414866,-0.030995243
1437,0.48503651,0.015808775,-0.015776681,0.483283605,0.016517019,-0.016635603,0.031679885,0.032412283,-0.031111828
1438,0.483873355,0.01566462,-0.015758662,0.483623331,0.01612316,-0.01653833,0.032503314,0.032296992,-0.030810256
1439,0.484261773,0.015790393,-0.015934876,0.483901239,0.016378019,-0.016426002,0.031836988,0.032360878,-0.031137388
1440,0.484070507,0.015537617,-0.015774044,0.484157012,0.016227601,-0.016584802,0.031772482,0.032358845,-0.031063582
1441,0.482741833,0.015747678,-0.015933236,0.483989021,0.016405563,-0.016444366,0.033269146,0.032377602,-0.031163127
1442,0.482427301,0.015478865,-0.015666419,0.484180065,0.016529793,-0.016755496,0.033392635,0.032421915,-0.031263997
1443,0.48262524,0.015839262,-0.015742606,0.484806782,0.016724993,-0.017008222,0.032567978,0.032750827,-0.03118527
1444,0.482593325,0.015504548,-0.015774074,0.484901649,0.016795208,-0.017194004,0.032505027,0.032968078,-0.031622715
1445,0.481870239,0.015766312,-0.015833635,0.485236242,0.016784192,-0.017088346,0.032893518,0.032921981,-0.031392829
1446,0.481448888,0.015756542,-0.015999708,0.485045084,0.016186285,-0.016751024,0.033506028,0.032750732,-0.031008696
1447,0.48180204,0.015779581,-0.01594092,0.485280499,0.016291042,-0.016759331,0.032917461,0.032700252,-0.030998414
1448,0.481159815,0.01572859,-0.016090386,0.485369482,0.016323809,-0.016521456,0.033470702,0.032611842,-0.031222808
1449,0.480945726,0.015415754,-0.015958173,0.485791968,0.016540158,-0.016636076,0.033262306,0.032594249,-0.031605576
1450,0.479968071,0.015453392,-0.015954395,0.485435109,0.016725636,-0.016626992,0.03459682,0.032581387,-0.031721888
1451,0.479979063,0.015561109,-0.015877995,0.486084631,0.01646675,-0.016642781,0.033936306,0.032520776,-0.031274468
1452,0.48023969,0.015412855,-0.015845306,0.486218119,0.016489386,-0.016743207,0.033542191,0.032588513,-0.031417984
1453,0.480077143,0.015572163,-0.016053851,0.486595179,0.01663558,-0.016682716,0.033327678,0.032736567,-0.031621739
1454,0.479807527,0.015542536,-0.016091744,0.486886342,0.016724745,-0.016835969,0.033306131,0.032927713,-0.031773179
1455,0.479174921,0.015388494,-0.015828569,0.48687217,0.016630122,-0.016797935,0.033952909,0.032626504,-0.031535341
1456,0.479273769,0.015324868,-0.015615597,0.48767042,0.016470321,-0.016724924,0.033055812,0.032340521,-0.031215802
1457,0.478725657,0.015312567,-0.015928216,0.487532039,0.016737912,-0.017025488,0.033742305,0.032953704,-0.031812224
1458,0.479287399,0.01548002,-0.016044558,0.48824741,0.016705481,-0.016873602,0.032465191,0.03291816,-0.031751688
1459,0.478751296,0.015445605,-0.015813132,0.488127834,0.016877144,-0.016998581,0.03312087,0.032811713,-0.031696937
1460,0.478251226,0.015630455,-0.016244675,0.488310662,0.01696391,-0.016805218,0.033438112,0.033049893,-0.032043016
1461,0.47800088,0.015249329,-0.015824735,0.489225401,0.016781032,-0.017040385,0.032773719,0.03286512,-0.031788303
1462,0.477338467,0.015583052,-0.015857385,0.489328436,0.016754235,-0.016832628,0.033333097,0.032690013,-0.031443808
1463,0.477907274,0.015153624,-0.015791269,0.489617664,0.016844883,-0.017031072,0.032475062,0.032822341,-0.031998507
1464,0.476754862,0.015330573,-0.015750378,0.489347331,0.017048683,-0.01707544,0.033897806,0.032825818,-0.031860684
1465,0.477438553,0.015233467,-0.015895358,0.489982075,0.016893153,-0.016916876,0.032579372,0.032812234,-0.03197545
1466,0.477478036,0.015005276,-0.015606542,0.490371131,0.016728933,-0.017106474,0.032150833,0.032713016,-0.031733852
1467,0.47720212,0.015558887,-0.015688118,0.490770105,0.016573833,-0.017052048,0.032027775,0.032740166,-0.031103997
1468,0.476941486,0.015316434,-0.01566557,0.490700483,0.016725444,-0.017047867,0.03235803,0.032713437,-0.031466782
1469,0.47695592,0.015475553,-0.015731999,0.491128912,0.016588994,-0.016868203,0.031915167,0.032600202,-0.031242157
1470,0.4771111,0.015160836,-0.015702738,0.491596459,0.016761074,-0.017637731,0.031292441,0.033340469,-0.031702251
1471,0.477228475,0.015223,-0.015484755,0.491635523,0.016723927,-0.017407926,0.031136002,0.032892681,-0.031374778
1472,0.476924898,0.015191851,-0.015714745,0.492204394,0.016576447,-0.017434531,0.030870708,0.033149276,-0.031494119
1473,0.476375759,0.015063248,-0.01574036,0.492276386,0.016800199,-0.017278158,0.031347855,0.033018519,-0.031863447
1474,0.476055216,0.01520681,-0.015982732,0.492124275,0.016869302,-0.017271261,0.031820509,0.033253993,-0.032076112
1475,0.476454247,0.014987344,-0.015563336,0.492622926,0.016601937,-0.01688581,0.030922827,0.032449146,-0.031550095
1476,0.476725251,0.015327545,-0.015823074,0.492753924,0.016661284,-0.01722318,0.030520826,0.033046254,-0.031552673
1477,0.476661102,0.015364184,-0.015789848,0.493185601,0.016862227,-0.017172753,0.030153297,0.032962601,-0.03167989
1478,0.476505394,0.015102969,-0.015624092,0.493358075,0.016645926,-0.017372755,0.030136531,0.032996847,-0.031544413
1479,0.475796179,0.01508473,-0.015645231,0.493850314,0.016456906,-0.016983877,0.030353507,0.032629108,-0.031376118
1480,0.475121292,0.015247974,-0.015907757,0.493404431,0.016935986,-0.017059944,0.031474278,0.032967702,-0.031951725
1481,0.475339977,0.015098429,-0.015673161,0.494136866,0.016583212,-0.017392108,0.030523157,0.033065269,-0.031681641
1482,0.475276411,0.015128033,-0.015638911,0.494236644,0.016692142,-0.017111895,0.030486945,0.032750806,-0.031546711
1483,0.475733052,0.015125943,-0.015757146,0.494140879,0.016467402,-0.017231476,0.030126069,0.032988622,-0.031462462
1484,0.475616969,0.015098251,-0.01554805,0.494696178,0.01657719,-0.017309187,0.029686853,0.032857237,-0.031675441
1485,0.474990901,0.014911687,-0.015356956,0.49463303,0.016625159,-0.017312831,0.030376069,0.032669787,-0.031388643
1486,0.475115107,0.015324469,-0.015678634,0.494638195,0.016666397,-0.016994639,0.030246698,0.032673273,-0.03136217
1487,0.474565986,0.014996785,-0.015439909,0.49490062,0.016506802,-0.017278134,0.030533394,0.032718043,-0.031261313
1488,0.4746111,0.015014078,-0.015478303,0.494730529,0.016616448,-0.01735044,0.030658371,0.032828743,-0.031395705
1489,0.474983092,0.014729995,-0.01498766,0.495542732,0.016530662,-0.017381175,0.029474176,0.032368835,-0.031260657
1490,0.47423181,0.01475306,-0.015023349,0.49544611,0.016514132,-0.017156764,0.03032208,0.032180113,-0.031267192
1491,0.473364166,0.014750042,-0.014994726,0.495740997,0.016515335,-0.017385462,0.030894837,0.032380188,-0.031010046
1492,0.473004632,0.014676593,-0.014981141,0.495569719,0.016719272,-0.017499412,0.031425649,0.032480553,-0.031262887
1493,0.473108411,0.014692315,-0.014969989,0.495821672,0.016648129,-0.017502347,0.031069917,0.032472336,-0.031167101
1494,0.473038736,0.014957931,-0.015135987,0.496173875,0.016543937,-0.017368643,0.030787389,0.032504631,-0.031501868
1495,0.473134351,0.014726399,-0.014890315,0.496710653,0.016459651,-0.017512665,0.030154996,0.03240298,-0.03118605
1496,0.472442161,0.014695261,-0.01480117,0.496683696,0.016801865,-0.01741845,0.030874143,0.032219621,-0.031119879
1497,0.472051976,0.014692873,-0.014927411,0.496887607,0.016761547,-0.017530216,0.031060417,0.032457628,-0.03145442
1498,0.471719938,0.014490468,-0.01472563,0.496951066,0.016496923,-0.01732774,0.031328997,0.03205337,-0.030919189
1499,0.470878386,0.014689711,-0.014863972,0.496990626,0.016967097,-0.017474008,0.032130987,0.03233798,-0.031313336
1500,0.471078693,0.014617887,-0.014891371,0.497026293,0.01662297,-0.017446865,0.031895014,0.032338235,-0.031075764
1501,0.470716612,0.014447637,-0.014687088,0.496988367,0.01666054,-0.017464312,0.032295021,0.0321514,-0.031056475
1502,0.470761905,0.014711756,-0.01481052,0.497473889,0.016818577,-0.017698346,0.031764206,0.032508866,-0.031082734
1503,0.470420873,0.014629738,-0.014885287,0.497622101,0.016768932,-0.017515486,0.031957027,0.032400773,-0.031184901
1504,0.470228664,0.015149996,-0.015226599,0.498564089,0.016564382,-0.017541912,0.031207247,0.032768511,-0.031244344
1505,0.469882919,0.014536589,-0.014725123,0.49821748,0.016729711,-0.017606609,0.0318996,0.032331732,-0.031053617
1506,0.468949517,0.014652149,-0.015089268,0.498024021,0.016788746,-0.017516204,0.033026463,0.032605472,-0.031440895
1507,0.468538587,0.014667405,-0.015094589,0.49823152,0.01686681,-0.017334864,0.033229894,0.032429453,-0.031414384
1508,0.468642834,0.014617442,-0.014602474,0.498657121,0.016526682,-0.017643234,0.032700045,0.032245709,-0.031144124
1509,0.46859064,0.014580262,-0.014985399,0.498653555,0.017038829,-0.017687863,0.032755805,0.032673262,-0.03161909
1510,0.467482053,0.014517479,-0.0147186,0.498773939,0.016843643,-0.017477083,0.033744008,0.032195684,-0.031361122
1511,0.467900601,0.014757022,-0.01488059,0.499626939,0.01687571,-0.017841075,0.03247246,0.032721665,-0.031088475
1512,0.466384139,0.014540413,-0.014907699,0.499275964,0.017047599,-0.017631148,0.034339897,0.032538848,-0.031463081
1513,0.466498588,0.014607092,-0.014852725,0.49965493,0.016702414,-0.017563385,0.033846482,0.03241611,-0.030996062
1514,0.466603112,0.014841386,-0.01490008,0.499673818,0.016951754,-0.017764832,0.03372307,0.032664912,-0.031064334
1515,0.466126168,0.014662866,-0.014803377,0.49967872,0.016934651,-0.017684258,0.034195112,0.032487635,-0.031109643
1516,0.466201923,0.014585992,-0.014787478,0.500439393,0.016633658,-0.01774301,0.033358684,0.032530487,-0.031219649
1517,0.465519136,0.014457727,-0.014885721,0.501349648,0.017072605,-0.017807469,0.033131215,0.03269319,-0.031523089
1518,0.464476746,0.014703786,-0.01496235,0.500853918,0.017095959,-0.017476935,0.034669336,0.032439285,-0.031352416
1519,0.464499937,0.014364393,-0.014594192,0.5011248,0.016885385,-0.017903605,0.034375264,0.032497797,-0.031090957
1520,0.463930406,0.014566306,-0.01488817,0.501270272,0.017294079,-0.017691491,0.034799322,0.032579661,-0.031593872
1521,0.463282629,0.014536662,-0.014899473,0.500868002,0.017173488,-0.017769852,0.035849369,0.032669325,-0.031496694
1522,0.463851818,0.014484979,-0.014837899,0.501496336,0.017007698,-0.017729686,0.034651846,0.032567584,-0.031333224
1523,0.46316423,0.014671522,-0.01475934,0.501619841,0.016934071,-0.017833125,0.035215929,0.032592465,-0.030970285
1524,0.463288574,0.014911068,-0.015159585,0.501763957,0.017206753,-0.018044034,0.034947469,0.033203619,-0.031431923
1525,0.462993598,0.014647609,-0.014957083,0.502420842,0.017122762,-0.017884727,0.03458556,0.03284181,-0.03138806
1526,0.462368195,0.01431525,-0.014669636,0.502370123,0.01706696,-0.018002865,0.035261683,0.032672501,-0.03134179
1527,0.462470682,0.014706566,-0.014835485,0.502865368,0.017005525,-0.01779767,0.034663949,0.032633155,-0.031068031
1528,0.462034416,0.014706568,-0.014981163,0.502791352,0.017058337,-0.017682569,0.035174232,0.032663732,-0.03126325
1529,0.461320476,0.014366738,-0.014641798,0.503305708,0.01712005,-0.017955928,0.035373816,0.032597726,-0.031284344
1530,0.460940011,0.014353535,-0.014604122,0.50337307,0.017156041,-0.018019043,0.035686918,0.032623165,-0.031282824
1531,0.461133199,0.014834683,-0.014823055,0.50384949,0.01717731,-0.017900159,0.035017311,0.032723214,-0.031060857
1532,0.460447499,0.014686631,-0.01482886,0.503617093,0.017431238,-0.017757763,0.035935408,0.032586623,-0.031449703
1533,0.460385507,0.014732548,-0.014974253,0.504120987,0.017259621,-0.018018563,0.035493507,0.032992816,-0.031384809
1534,0.460312729,0.01467943,-0.015008178,0.504033742,0.017339737,-0.018287555,0.03565353,0.033295732,-0.031552019
1535,0.460136012,0.014670908,-0.014892822,0.504404084,0.016883619,-0.018163939,0.035459904,0.033056762,-0.031270886
1536,0.460189249,0.014536192,-0.014935344,0.505058148,0.017204123,-0.018234973,0.034752603,0.033170317,-0.031478829
1537,0.459635022,0.014657647,-0.015205958,0.505455732,0.017193168,-0.018073347,0.034909246,0.033279304,-0.031618173
1538,0.45948826,0.014471324,-0.01478832,0.505914146,0.017031282,-0.018084296,0.034597595,0.032872617,-0.031195009
1539,0.458938888,0.014144556,-0.014462322,0.505452689,0.017078703,-0.018198419,0.035608423,0.032660741,-0.031223258
1540,0.458517266,0.014576222,-0.015115829,0.506003493,0.01709093,-0.01816761,0.035479241,0.033283438,-0.031470199
1541,0.458537599,0.014513134,-0.01479043,0.506309462,0.017090788,-0.018205886,0.03515294,0.032996315,-0.031603922
1542,0.458672481,0.01442266,-0.01481233,0.506550871,0.017199134,-0.018106221,0.034776648,0.032918551,-0.031621794
1543,0.457695118,0.014525146,-0.014879361,0.506843127,0.017497631,-0.018356706,0.035461755,0.033236067,-0.031653741
1544,0.458450422,0.014379225,-0.014888454,0.507255949,0.017362002,-0.018369143,0.03429363,0.033257597,-0.031741227
1545,0.458273112,0.014463336,-0.014875414,0.507732019,0.017130922,-0.018395778,0.033994869,0.033271192,-0.031594258
1546,0.457935595,0.014376379,-0.014768493,0.508095568,0.017116364,-0.018250342,0.033968837,0.033018835,-0.031310284
1547,0.45795984,0.014621974,-0.014872915,0.508138655,0.017227992,-0.018235138,0.033901505,0.033108053,-0.031287881
1548,0.458087043,0.014543445,-0.015165083,0.508432219,0.017138089,-0.018098481,0.033480738,0.033263565,-0.031681534
1549,0.457275193,0.01449207,-0.014980762,0.508473343,0.01705113,-0.018505828,0.034251464,0.03348659,-0.031543201
1550,0.457043143,0.01422999,-0.014631792,0.509353189,0.017227526,-0.018330224,0.033603668,0.032962016,-0.03139756
1551,0.456931212,0.01434952,-0.014684696,0.509028998,0.017353981,-0.018211788,0.034039789,0.032896484,-0.031457511
1552,0.456316084,0.014548963,-0.015002952,0.508954163,0.017366432,-0.018299063,0.034729752,0.033302015,-0.031591149
1553,0.455992461,0.014551741,-0.014901282,0.509445397,0.01703454,-0.018404022,0.034562143,0.033305304,-0.031397615
1554,0.456305962,0.014373603,-0.014563792,0.509571388,0.016967775,-0.018054313,0.03412265,0.032618105,-0.030918448
1555,0.456102614,0.01452824,-0.014712642,0.509767042,0.017371119,-0.018365271,0.034130344,0.033077913,-0.031302283
1556,0.456019919,0.01437855,-0.014952291,0.510012534,0.017350996,-0.018407796,0.033967547,0.033360087,-0.031729546
1557,0.456014378,0.014327018,-0.014863463,0.509955325,0.017202452,-0.01844993,0.034030297,0.033313393,-0.03152947
1558,0.455979631,0.01440165,-0.014605252,0.510403228,0.017166146,-0.018586323,0.033617142,0.033191575,-0.031336454
1559,0.455918393,0.014277782,-0.014682505,0.510450375,0.01707422,-0.018395951,0.033631231,0.033078456,-0.031352003
1560,0.455382168,0.01423554,-0.014454668,0.51088816,0.017082988,-0.018264986,0.033729671,0.032719654,-0.031012644
1561,0.455189426,0.014844793,-0.01469029,0.511332193,0.017252424,-0.018251203,0.033478381,0.032941493,-0.032097217
1562,0.455507325,0.014404206,-0.014465408,0.512144443,0.016965567,-0.018181584,0.032348233,0.032646992,-0.03115882
1563,0.455195985,0.014117777,-0.01437905,0.511745481,0.017142585,-0.018531011,0.033058534,0.032910061,-0.031104469
1564,0.454548423,0.014241013,-0.014723311,0.511765683,0.016965965,-0.018016372,0.033685894,0.032739682,-0.031151943
1565,0.454628556,0.014323395,-0.014695171,0.512517266,0.016807495,-0.018066368,0.032854177,0.032761539,-0.03113089
1566,0.45427529,0.013959727,-0.014223156,0.512601134,0.016965074,-0.018336695,0.033123576,0.032559852,-0.030924802
1567,0.454558606,0.01440939,-0.01449492,0.512555995,0.017148932,-0.018325824,0.0328854,0.032820744,-0.031145384
1568,0.453766027,0.014236407,-0.014571272,0.512715743,0.016989844,-0.018261777,0.033518229,0.032833048,-0.031067975
1569,0.453437911,0.014412443,-0.014298016,0.513435665,0.016994427,-0.018260863,0.033126424,0.032558879,-0.031258719
1570,0.45369746,0.013905863,-0.014038762,0.5132498,0.017020451,-0.018300045,0.03305274,0.032338806,-0.030790737
1571,0.453303924,0.014107386,-0.013961909,0.51334772,0.016988657,-0.018361428,0.033348356,0.032323337,-0.031096043
1572,0.452643994,0.014089236,-0.014293613,0.513544884,0.017063673,-0.018120958,0.033811121,0.032414572,-0.03115291
1573,0.45262762,0.014144777,-0.014243782,0.514528071,0.016952301,-0.018131924,0.032844308,0.032375706,-0.03092701
1574,0.452535776,0.013942538,-0.014043579,0.515148785,0.017056303,-0.01823487,0.03231544,0.03227845,-0.030762335
1575,0.452720223,0.014148481,-0.014236912,0.515409877,0.01685877,-0.018000133,0.031869901,0.032237045,-0.03100725
1576,0.452114537,0.014237126,-0.01424275,0.515781623,0.017151912,-0.018318012,0.032103841,0.032560763,-0.031052627
1577,0.452018549,0.013949804,-0.01418764,0.515467453,0.016984017,-0.017968745,0.032513998,0.032156386,-0.030821198
1578,0.451638621,0.013820722,-0.013983533,0.516041241,0.01716452,-0.018171145,0.032320137,0.032154677,-0.030903357
1579,0.45138403,0.013994426,-0.013948065,0.515820042,0.016975855,-0.018065007,0.032795929,0.032013073,-0.03071841
1580,0.451346234,0.013987211,-0.014129683,0.516428829,0.017201802,-0.018061872,0.032224937,0.032191554,-0.030921112
1581,0.450611546,0.013767362,-0.013923627,0.516801555,0.017357196,-0.018185048,0.032586899,0.032108675,-0.031056877
1582,0.450192206,0.013797291,-0.013914995,0.516461172,0.016892851,-0.01803339,0.033346621,0.031948385,-0.030588751
1583,0.450109036,0.014018013,-0.014375954,0.517236981,0.017263297,-0.018224,0.032653983,0.032599954,-0.03128131
1584,0.449718354,0.014149346,-0.014353418,0.517030879,0.016851463,-0.017968136,0.033250767,0.032321553,-0.030928937
1585,0.44919237,0.013929972,-0.014044722,0.517488661,0.016993696,-0.018036506,0.03331897,0.032081228,-0.030652815
1586,0.449297815,0.013849423,-0.014088028,0.517734575,0.016781459,-0.017850752,0.032967609,0.03193878,-0.030630882
1587,0.449237929,0.014005199,-0.014118343,0.517594782,0.016961428,-0.017899175,0.033167289,0.032017517,-0.030617469
1588,0.448824398,0.013929637,-0.013988377,0.517472278,0.017023549,-0.017978909,0.033703324,0.031967286,-0.030579412
1589,0.44864211,0.0139024,-0.014267761,0.51819901,0.016904548,-0.017954832,0.03315888,0.032222593,-0.030779182
1590,0.448348608,0.014017272,-0.014298425,0.518632674,0.016802024,-0.017710584,0.033018718,0.032009008,-0.030819296
1591,0.448083776,0.013766318,-0.013953344,0.518576676,0.016868696,-0.017875884,0.033339548,0.031829228,-0.030635013
1592,0.447790347,0.013856205,-0.013928497,0.518248181,0.016840347,-0.017898309,0.033961472,0.031826805,-0.030696552
1593,0.447475427,0.013939036,-0.014350387,0.51815942,0.016968952,-0.018106506,0.034365152,0.032456892,-0.030907988
1594,0.447073092,0.014113522,-0.014593665,0.51857581,0.016916672,-0.017732531,0.034351098,0.032326196,-0.030882089
1595,0.446442616,0.013831375,-0.013920541,0.519802788,0.016794595,-0.017703001,0.033754596,0.031623542,-0.03062597
1596,0.445913039,0.014121121,-0.014555309,0.519113426,0.017163007,-0.017927328,0.034973535,0.032482637,-0.031284128
1597,0.446813473,0.014202793,-0.014362907,0.520088133,0.017069318,-0.018036024,0.033098394,0.032398931,-0.031272112
1598,0.446041044,0.014084426,-0.014310726,0.519750384,0.017154979,-0.018197471,0.034208572,0.032508197,-0.031239405
1599,0.445684279,0.014598983,-0.014584665,0.519538821,0.017136773,-0.01815142,0.0347769,0.032736085,-0.031358469
1600,0.44617284,0.014347871,-0.014510255,0.519924747,0.017156183,-0.018186722,0.033902413,0.032696976,-0.031136295