WLnm, Rdata
1.064000e+03, 7.588415e-01
1.064646e+03, 7.592523e-01
1.065291e+03, 7.596594e-01
1.065937e+03, 7.600629e-01
1.066582e+03, 7.604627e-01
1.067228e+03, 7.608588e-01
1.067873e+03, 7.612514e-01
1.068519e+03, 7.616404e-01
1.069164e+03, 7.620259e-01
1.069810e+03, 7.624078e-01
1.070455e+03, 7.627862e-01
1.071101e+03, 7.631612e-01
1.071747e+03, 7.635328e-01
1.072392e+03, 7.639009e-01
1.073038e+03, 7.642656e-01
1.073683e+03, 7.646270e-01
1.074329e+03, 7.649850e-01
1.074974e+03, 7.653397e-01
1.075620e+03, 7.656910e-01
1.076265e+03, 7.660391e-01
1.076911e+03, 7.663840e-01
1.077557e+03, 7.667255e-01
1.078202e+03, 7.670638e-01
1.078848e+03, 7.673989e-01
1.079493e+03, 7.677309e-01
1.080139e+03, 7.680597e-01
1.080784e+03, 7.683854e-01
1.081430e+03, 7.687079e-01
1.082075e+03, 7.690274e-01
1.082721e+03, 7.693438e-01
1.083366e+03, 7.696572e-01
1.084012e+03, 7.699675e-01
1.084658e+03, 7.702748e-01
1.085303e+03, 7.705791e-01
1.085949e+03, 7.708805e-01
1.086594e+03, 7.711789e-01
1.087240e+03, 7.714744e-01
1.087885e+03, 7.717670e-01
1.088531e+03, 7.720566e-01
1.089176e+03, 7.723433e-01
1.089822e+03, 7.726272e-01
1.090467e+03, 7.729082e-01
1.091113e+03, 7.731864e-01
1.091759e+03, 7.734619e-01
1.092404e+03, 7.737345e-01
1.093050e+03, 7.740044e-01
1.093695e+03, 7.742715e-01
1.094341e+03, 7.745359e-01
1.094986e+03, 7.747975e-01
1.095632e+03, 7.750565e-01
1.096277e+03, 7.753128e-01
1.096923e+03, 7.755664e-01
1.097569e+03, 7.758174e-01
1.098214e+03, 7.760658e-01
1.098860e+03, 7.763115e-01
1.099505e+03, 7.765546e-01
1.100151e+03, 7.767952e-01
1.100796e+03, 7.770331e-01
1.101442e+03, 7.772686e-01
1.102087e+03, 7.775015e-01
1.102733e+03, 7.777318e-01
1.103378e+03, 7.779597e-01
1.104024e+03, 7.781850e-01
1.104670e+03, 7.784079e-01
1.105315e+03, 7.786283e-01
1.105961e+03, 7.788463e-01
1.106606e+03, 7.790618e-01
1.107252e+03, 7.792750e-01
1.107897e+03, 7.794857e-01
1.108543e+03, 7.796940e-01
1.109188e+03, 7.798999e-01
1.109834e+03, 7.801035e-01
1.110479e+03, 7.803046e-01
1.111125e+03, 7.805034e-01
1.111771e+03, 7.806999e-01
1.112416e+03, 7.808941e-01
1.113062e+03, 7.810860e-01
1.113707e+03, 7.812756e-01
1.114353e+03, 7.814629e-01
1.114998e+03, 7.816479e-01
1.115644e+03, 7.818307e-01
1.116289e+03, 7.820113e-01
1.116935e+03, 7.821897e-01
1.117581e+03, 7.823658e-01
1.118226e+03, 7.825397e-01
1.118872e+03, 7.827115e-01
1.119517e+03, 7.828811e-01
1.120163e+03, 7.830485e-01
1.120808e+03, 7.832138e-01
1.121454e+03, 7.833768e-01
1.122099e+03, 7.835378e-01
1.122745e+03, 7.836966e-01
1.123390e+03, 7.838533e-01
1.124036e+03, 7.840079e-01
1.124682e+03, 7.841605e-01
1.125327e+03, 7.843109e-01
1.125973e+03, 7.844593e-01
1.126618e+03, 7.846057e-01
1.127264e+03, 7.847500e-01
1.127909e+03, 7.848923e-01
1.128555e+03, 7.850325e-01
1.129200e+03, 7.851708e-01
1.129846e+03, 7.853070e-01
1.130491e+03, 7.854413e-01
1.131137e+03, 7.855736e-01
1.131783e+03, 7.857039e-01
1.132428e+03, 7.858322e-01
1.133074e+03, 7.859587e-01
1.133719e+03, 7.860832e-01
1.134365e+03, 7.862058e-01
1.135010e+03, 7.863264e-01
1.135656e+03, 7.864451e-01
1.136301e+03, 7.865620e-01
1.136947e+03, 7.866769e-01
1.137593e+03, 7.867899e-01
1.138238e+03, 7.869011e-01
1.138884e+03, 7.870104e-01
1.139529e+03, 7.871179e-01
1.140175e+03, 7.872235e-01
1.140820e+03, 7.873272e-01
1.141466e+03, 7.874292e-01
1.142111e+03, 7.875293e-01
1.142757e+03, 7.876276e-01
1.143402e+03, 7.877240e-01
1.144048e+03, 7.878186e-01
1.144694e+03, 7.879114e-01
1.145339e+03, 7.880024e-01
1.145985e+03, 7.880917e-01
1.146630e+03, 7.881792e-01
1.147276e+03, 7.882649e-01
1.147921e+03, 7.883489e-01
1.148567e+03, 7.884311e-01
1.149212e+03, 7.885116e-01
1.149858e+03, 7.885903e-01
1.150504e+03, 7.886674e-01
1.151149e+03, 7.887427e-01
1.151795e+03, 7.888164e-01
1.152440e+03, 7.888883e-01
1.153086e+03, 7.889585e-01
1.153731e+03, 7.890271e-01
1.154377e+03, 7.890940e-01
1.155022e+03, 7.891592e-01
1.155668e+03, 7.892228e-01
1.156313e+03, 7.892847e-01
1.156959e+03, 7.893449e-01
1.157605e+03, 7.894035e-01
1.158250e+03, 7.894605e-01
1.158896e+03, 7.895158e-01
1.159541e+03, 7.895695e-01
1.160187e+03, 7.896216e-01
1.160832e+03, 7.896721e-01
1.161478e+03, 7.897210e-01
1.162123e+03, 7.897683e-01
1.162769e+03, 7.898141e-01
1.163414e+03, 7.898582e-01
1.164060e+03, 7.899007e-01
1.164706e+03, 7.899417e-01
1.165351e+03, 7.899812e-01
1.165997e+03, 7.900190e-01
1.166642e+03, 7.900553e-01
1.167288e+03, 7.900901e-01
1.167933e+03, 7.901233e-01
1.168579e+03, 7.901549e-01
1.169224e+03, 7.901851e-01
1.169870e+03, 7.902137e-01
1.170516e+03, 7.902408e-01
1.171161e+03, 7.902664e-01
1.171807e+03, 7.902904e-01
1.172452e+03, 7.903130e-01
1.173098e+03, 7.903341e-01
1.173743e+03, 7.903537e-01
1.174389e+03, 7.903718e-01
1.175034e+03, 7.903884e-01
1.175680e+03, 7.904036e-01
1.176325e+03, 7.904173e-01
1.176971e+03, 7.904295e-01
1.177617e+03, 7.904403e-01
1.178262e+03, 7.904495e-01
1.178908e+03, 7.904573e-01
1.179553e+03, 7.904637e-01
1.180199e+03, 7.904686e-01
1.180844e+03, 7.904721e-01
1.181490e+03, 7.904741e-01
1.182135e+03, 7.904747e-01
1.182781e+03, 7.904739e-01
1.183426e+03, 7.904717e-01
1.184072e+03, 7.904681e-01
1.184718e+03, 7.904630e-01
1.185363e+03, 7.904566e-01
1.186009e+03, 7.904488e-01
1.186654e+03, 7.904396e-01
1.187300e+03, 7.904289e-01
1.187945e+03, 7.904169e-01
1.188591e+03, 7.904036e-01
1.189236e+03, 7.903888e-01
1.189882e+03, 7.903727e-01
1.190528e+03, 7.903552e-01
1.191173e+03, 7.903364e-01
1.191819e+03, 7.903162e-01
1.192464e+03, 7.902946e-01
1.193110e+03, 7.902717e-01
1.193755e+03, 7.902475e-01
1.194401e+03, 7.902219e-01
1.195046e+03, 7.901950e-01
1.195692e+03, 7.901667e-01
1.196337e+03, 7.901371e-01
1.196983e+03, 7.901062e-01
1.197629e+03, 7.900739e-01
1.198274e+03, 7.900404e-01
1.198920e+03, 7.900055e-01
1.199565e+03, 7.899693e-01
1.200211e+03, 7.899318e-01
1.200856e+03, 7.898930e-01
1.201502e+03, 7.898528e-01
1.202147e+03, 7.898114e-01
1.202793e+03, 7.897687e-01
1.203438e+03, 7.897247e-01
1.204084e+03, 7.896794e-01
1.204730e+03, 7.896328e-01
1.205375e+03, 7.895849e-01
1.206021e+03, 7.895358e-01
1.206666e+03, 7.894853e-01
1.207312e+03, 7.894336e-01
1.207957e+03, 7.893807e-01
1.208603e+03, 7.893264e-01
1.209248e+03, 7.892709e-01
1.209894e+03, 7.892142e-01
1.210540e+03, 7.891562e-01
1.211185e+03, 7.890969e-01
1.211831e+03, 7.890364e-01
1.212476e+03, 7.889746e-01
1.213122e+03, 7.889116e-01
1.213767e+03, 7.888473e-01
1.214413e+03, 7.887818e-01
1.215058e+03, 7.887150e-01
1.215704e+03, 7.886469e-01
1.216349e+03, 7.885777e-01
1.216995e+03, 7.885072e-01
1.217641e+03, 7.884354e-01
1.218286e+03, 7.883625e-01
1.218932e+03, 7.882883e-01
1.219577e+03, 7.882129e-01
1.220223e+03, 7.881363e-01
1.220868e+03, 7.880585e-01
1.221514e+03, 7.879795e-01
1.222159e+03, 7.878993e-01
1.222805e+03, 7.878178e-01
1.223450e+03, 7.877352e-01
1.224096e+03, 7.876514e-01
1.224742e+03, 7.875663e-01
1.225387e+03, 7.874801e-01
1.226033e+03, 7.873927e-01
1.226678e+03, 7.873041e-01
1.227324e+03, 7.872143e-01
1.227969e+03, 7.871234e-01
1.228615e+03, 7.870312e-01
1.229260e+03, 7.869379e-01
1.229906e+03, 7.868434e-01
1.230552e+03, 7.867477e-01
1.231197e+03, 7.866509e-01
1.231843e+03, 7.865528e-01
1.232488e+03, 7.864536e-01
1.233134e+03, 7.863532e-01
1.233779e+03, 7.862517e-01
1.234425e+03, 7.861490e-01
1.235070e+03, 7.860451e-01
1.235716e+03, 7.859401e-01
1.236361e+03, 7.858339e-01
1.237007e+03, 7.857266e-01
1.237653e+03, 7.856180e-01
1.238298e+03, 7.855084e-01
1.238944e+03, 7.853975e-01
1.239589e+03, 7.852855e-01
1.240235e+03, 7.851723e-01
1.240880e+03, 7.850580e-01
1.241526e+03, 7.849426e-01
1.242171e+03, 7.848260e-01
1.242817e+03, 7.847082e-01
1.243462e+03, 7.845893e-01
1.244108e+03, 7.844693e-01
1.244754e+03, 7.843482e-01
1.245399e+03, 7.842259e-01
1.246045e+03, 7.841025e-01
1.246690e+03, 7.839779e-01
1.247336e+03, 7.838522e-01
1.247981e+03, 7.837254e-01
1.248627e+03, 7.835975e-01
1.249272e+03, 7.834684e-01
1.249918e+03, 7.833382e-01
1.250564e+03, 7.832069e-01
1.251209e+03, 7.830745e-01
1.251855e+03, 7.829410e-01
1.252500e+03, 7.828063e-01
1.253146e+03, 7.826706e-01
1.253791e+03, 7.825337e-01
1.254437e+03, 7.823957e-01
1.255082e+03, 7.822566e-01
1.255728e+03, 7.821163e-01
1.256373e+03, 7.819750e-01
1.257019e+03, 7.818326e-01
1.257665e+03, 7.816890e-01
1.258310e+03, 7.815444e-01
1.258956e+03, 7.813986e-01
1.259601e+03, 7.812517e-01
1.260247e+03, 7.811038e-01
1.260892e+03, 7.809547e-01
1.261538e+03, 7.808045e-01
1.262183e+03, 7.806533e-01
1.262829e+03, 7.805009e-01
1.263474e+03, 7.803474e-01
1.264120e+03, 7.801928e-01
1.264766e+03, 7.800371e-01
1.265411e+03, 7.798803e-01
1.266057e+03, 7.797224e-01
1.266702e+03, 7.795634e-01
1.267348e+03, 7.794033e-01
1.267993e+03, 7.792422e-01
1.268639e+03, 7.790799e-01
1.269284e+03, 7.789166e-01
1.269930e+03, 7.787522e-01
1.270576e+03, 7.785867e-01
1.271221e+03, 7.784201e-01
1.271867e+03, 7.782524e-01
1.272512e+03, 7.780836e-01
1.273158e+03, 7.779138e-01
1.273803e+03, 7.777428e-01
1.274449e+03, 7.775708e-01
1.275094e+03, 7.773977e-01
1.275740e+03, 7.772235e-01
1.276385e+03, 7.770483e-01
1.277031e+03, 7.768719e-01
1.277677e+03, 7.766945e-01
1.278322e+03, 7.765160e-01
1.278968e+03, 7.763364e-01
1.279613e+03, 7.761558e-01
1.280259e+03, 7.759740e-01
1.280904e+03, 7.757912e-01
1.281550e+03, 7.756073e-01
1.282195e+03, 7.754224e-01
1.282841e+03, 7.752364e-01
1.283486e+03, 7.750493e-01
1.284132e+03, 7.748611e-01
1.284778e+03, 7.746719e-01
1.285423e+03, 7.744816e-01
1.286069e+03, 7.742902e-01
1.286714e+03, 7.740977e-01
1.287360e+03, 7.739042e-01
1.288005e+03, 7.737096e-01
1.288651e+03, 7.735140e-01
1.289296e+03, 7.733172e-01
1.289942e+03, 7.731194e-01
1.290588e+03, 7.729206e-01
1.291233e+03, 7.727207e-01
1.291879e+03, 7.725197e-01
1.292524e+03, 7.723176e-01
1.293170e+03, 7.721145e-01
1.293815e+03, 7.719103e-01
1.294461e+03, 7.717050e-01
1.295106e+03, 7.714987e-01
1.295752e+03, 7.712913e-01
1.296397e+03, 7.710829e-01
1.297043e+03, 7.708734e-01
1.297689e+03, 7.706628e-01
1.298334e+03, 7.704512e-01
1.298980e+03, 7.702385e-01
1.299625e+03, 7.700248e-01
1.300271e+03, 7.698100e-01
1.300916e+03, 7.695941e-01
1.301562e+03, 7.693772e-01
1.302207e+03, 7.691592e-01
1.302853e+03, 7.689401e-01
1.303498e+03, 7.687200e-01
1.304144e+03, 7.684988e-01
1.304790e+03, 7.682765e-01
1.305435e+03, 7.680532e-01
1.306081e+03, 7.678289e-01
1.306726e+03, 7.676035e-01
1.307372e+03, 7.673770e-01
1.308017e+03, 7.671495e-01
1.308663e+03, 7.669209e-01
1.309308e+03, 7.666912e-01
1.309954e+03, 7.664605e-01
1.310600e+03, 7.662287e-01
1.311245e+03, 7.659959e-01
1.311891e+03, 7.657620e-01
1.312536e+03, 7.655271e-01
1.313182e+03, 7.652911e-01
1.313827e+03, 7.650540e-01
1.314473e+03, 7.648159e-01
1.315118e+03, 7.645768e-01
1.315764e+03, 7.643365e-01
1.316409e+03, 7.640952e-01
1.317055e+03, 7.638529e-01
1.317701e+03, 7.636095e-01
1.318346e+03, 7.633650e-01
1.318992e+03, 7.631195e-01
1.319637e+03, 7.628729e-01
1.320283e+03, 7.626253e-01
1.320928e+03, 7.623766e-01
1.321574e+03, 7.621269e-01
1.322219e+03, 7.618761e-01
1.322865e+03, 7.616242e-01
1.323511e+03, 7.613713e-01
1.324156e+03, 7.611173e-01
1.324802e+03, 7.608622e-01
1.325447e+03, 7.606062e-01
1.326093e+03, 7.603490e-01
1.326738e+03, 7.600908e-01
1.327384e+03, 7.598315e-01
1.328029e+03, 7.595712e-01
1.328675e+03, 7.593098e-01
1.329320e+03, 7.590473e-01
1.329966e+03, 7.587838e-01
1.330612e+03, 7.585192e-01
1.331257e+03, 7.582536e-01
1.331903e+03, 7.579869e-01
1.332548e+03, 7.577191e-01
1.333194e+03, 7.574503e-01
1.333839e+03, 7.571804e-01
1.334485e+03, 7.569095e-01
1.335130e+03, 7.566375e-01
1.335776e+03, 7.563644e-01
1.336421e+03, 7.560903e-01
1.337067e+03, 7.558151e-01
1.337713e+03, 7.555388e-01
1.338358e+03, 7.552615e-01
1.339004e+03, 7.549832e-01
1.339649e+03, 7.547037e-01
1.340295e+03, 7.544232e-01
1.340940e+03, 7.541416e-01
1.341586e+03, 7.538590e-01
1.342231e+03, 7.535753e-01
1.342877e+03, 7.532905e-01
1.343523e+03, 7.530046e-01
1.344168e+03, 7.527177e-01
1.344814e+03, 7.524297e-01
1.345459e+03, 7.521406e-01
1.346105e+03, 7.518505e-01
1.346750e+03, 7.515593e-01
1.347396e+03, 7.512671e-01
1.348041e+03, 7.509738e-01
1.348687e+03, 7.506794e-01
1.349332e+03, 7.503839e-01
1.349978e+03, 7.500874e-01
1.350624e+03, 7.497898e-01
1.351269e+03, 7.494911e-01
1.351915e+03, 7.491914e-01
1.352560e+03, 7.488906e-01
1.353206e+03, 7.485887e-01
1.353851e+03, 7.482858e-01
1.354497e+03, 7.479818e-01
1.355142e+03, 7.476767e-01
1.355788e+03, 7.473706e-01
1.356433e+03, 7.470634e-01
1.357079e+03, 7.467551e-01
1.357725e+03, 7.464458e-01
1.358370e+03, 7.461353e-01
1.359016e+03, 7.458238e-01
1.359661e+03, 7.455113e-01
1.360307e+03, 7.451976e-01
1.360952e+03, 7.448829e-01
1.361598e+03, 7.445671e-01
1.362243e+03, 7.442502e-01
1.362889e+03, 7.439322e-01
1.363535e+03, 7.436132e-01
1.364180e+03, 7.432931e-01
1.364826e+03, 7.429719e-01
1.365471e+03, 7.426496e-01
1.366117e+03, 7.423263e-01
1.366762e+03, 7.420018e-01
1.367408e+03, 7.416763e-01
1.368053e+03, 7.413497e-01
1.368699e+03, 7.410220e-01
1.369344e+03, 7.406932e-01
1.369990e+03, 7.403634e-01
1.370636e+03, 7.400324e-01
1.371281e+03, 7.397004e-01
1.371927e+03, 7.393673e-01
1.372572e+03, 7.390331e-01
1.373218e+03, 7.386978e-01
1.373863e+03, 7.383614e-01
1.374509e+03, 7.380240e-01
1.375154e+03, 7.376854e-01
1.375800e+03, 7.373458e-01
1.376445e+03, 7.370051e-01
1.377091e+03, 7.366633e-01
1.377737e+03, 7.363204e-01
1.378382e+03, 7.359764e-01
1.379028e+03, 7.356313e-01
1.379673e+03, 7.352851e-01
1.380319e+03, 7.349378e-01
1.380964e+03, 7.345895e-01
1.381610e+03, 7.342400e-01
1.382255e+03, 7.338894e-01
1.382901e+03, 7.335377e-01
1.383547e+03, 7.331849e-01
1.384192e+03, 7.328311e-01
1.384838e+03, 7.324761e-01
1.385483e+03, 7.321200e-01
1.386129e+03, 7.317629e-01
1.386774e+03, 7.314046e-01
1.387420e+03, 7.310452e-01
1.388065e+03, 7.306848e-01
1.388711e+03, 7.303232e-01
1.389356e+03, 7.299605e-01
1.390002e+03, 7.295968e-01
1.390648e+03, 7.292319e-01
1.391293e+03, 7.288659e-01
1.391939e+03, 7.284988e-01
1.392584e+03, 7.281306e-01
1.393230e+03, 7.277613e-01
1.393875e+03, 7.273909e-01
1.394521e+03, 7.270194e-01
1.395166e+03, 7.266468e-01
1.395812e+03, 7.262731e-01
1.396457e+03, 7.258982e-01
1.397103e+03, 7.255222e-01
1.397749e+03, 7.251452e-01
1.398394e+03, 7.247670e-01
1.399040e+03, 7.243877e-01
1.399685e+03, 7.240073e-01
1.400331e+03, 7.236257e-01
1.400976e+03, 7.232431e-01
1.401622e+03, 7.228594e-01
1.402267e+03, 7.224745e-01
1.402913e+03, 7.220885e-01
1.403559e+03, 7.217014e-01
1.404204e+03, 7.213132e-01
1.404850e+03, 7.209238e-01
1.405495e+03, 7.205334e-01
1.406141e+03, 7.201418e-01
1.406786e+03, 7.197491e-01
1.407432e+03, 7.193552e-01
1.408077e+03, 7.189603e-01
1.408723e+03, 7.185642e-01
1.409368e+03, 7.181670e-01
1.410014e+03, 7.177688e-01
1.410660e+03, 7.173693e-01
1.411305e+03, 7.169688e-01
1.411951e+03, 7.165671e-01
1.412596e+03, 7.161643e-01
1.413242e+03, 7.157604e-01
1.413887e+03, 7.153553e-01
1.414533e+03, 7.149492e-01
1.415178e+03, 7.145418e-01
1.415824e+03, 7.141334e-01
1.416469e+03, 7.137238e-01
1.417115e+03, 7.133131e-01
1.417761e+03, 7.129013e-01
1.418406e+03, 7.124883e-01
1.419052e+03, 7.120742e-01
1.419697e+03, 7.116589e-01
1.420343e+03, 7.112425e-01
1.420988e+03, 7.108250e-01
1.421634e+03, 7.104063e-01
1.422279e+03, 7.099865e-01
1.422925e+03, 7.095656e-01
1.423571e+03, 7.091435e-01
1.424216e+03, 7.087202e-01
1.424862e+03, 7.082958e-01
1.425507e+03, 7.078703e-01
1.426153e+03, 7.074436e-01
1.426798e+03, 7.070157e-01
1.427444e+03, 7.065868e-01
1.428089e+03, 7.061566e-01
1.428735e+03, 7.057254e-01
1.429380e+03, 7.052929e-01
1.430026e+03, 7.048594e-01
1.430672e+03, 7.044247e-01
1.431317e+03, 7.039888e-01
1.431963e+03, 7.035518e-01
1.432608e+03, 7.031136e-01
1.433254e+03, 7.026743e-01
1.433899e+03, 7.022338e-01
1.434545e+03, 7.017922e-01
1.435190e+03, 7.013495e-01
1.435836e+03, 7.009055e-01
1.436481e+03, 7.004604e-01
1.437127e+03, 7.000142e-01
1.437773e+03, 6.995668e-01
1.438418e+03, 6.991183e-01
1.439064e+03, 6.986686e-01
1.439709e+03, 6.982177e-01
1.440355e+03, 6.977657e-01
1.441000e+03, 6.973125e-01
1.441646e+03, 6.968581e-01
1.442291e+03, 6.964026e-01
1.442937e+03, 6.959459e-01
1.443583e+03, 6.954881e-01
1.444228e+03, 6.950291e-01
1.444874e+03, 6.945690e-01
1.445519e+03, 6.941076e-01
1.446165e+03, 6.936451e-01
1.446810e+03, 6.931815e-01
1.447456e+03, 6.927166e-01
1.448101e+03, 6.922507e-01
1.448747e+03, 6.917835e-01
1.449392e+03, 6.913152e-01
1.450038e+03, 6.908457e-01
1.450684e+03, 6.903750e-01
1.451329e+03, 6.899031e-01
1.451975e+03, 6.894301e-01
1.452620e+03, 6.889559e-01
1.453266e+03, 6.884805e-01
1.453911e+03, 6.880040e-01
1.454557e+03, 6.875262e-01
1.455202e+03, 6.870473e-01
1.455848e+03, 6.865673e-01
1.456493e+03, 6.860860e-01
1.457139e+03, 6.856036e-01
1.457785e+03, 6.851200e-01
1.458430e+03, 6.846352e-01
1.459076e+03, 6.841492e-01
1.459721e+03, 6.836620e-01
1.460367e+03, 6.831737e-01
1.461012e+03, 6.826842e-01
1.461658e+03, 6.821935e-01
1.462303e+03, 6.817016e-01
1.462949e+03, 6.812086e-01
1.463595e+03, 6.807143e-01
1.464240e+03, 6.802189e-01
1.464886e+03, 6.797223e-01
1.465531e+03, 6.792245e-01
1.466177e+03, 6.787255e-01
1.466822e+03, 6.782253e-01
1.467468e+03, 6.777239e-01
1.468113e+03, 6.772214e-01
1.468759e+03, 6.767176e-01
1.469404e+03, 6.762127e-01
1.470050e+03, 6.757066e-01
1.470696e+03, 6.751993e-01
1.471341e+03, 6.746908e-01
1.471987e+03, 6.741811e-01
1.472632e+03, 6.736702e-01
1.473278e+03, 6.731581e-01
1.473923e+03, 6.726448e-01
1.474569e+03, 6.721304e-01
1.475214e+03, 6.716147e-01
1.475860e+03, 6.710978e-01
1.476506e+03, 6.705798e-01
1.477151e+03, 6.700605e-01
1.477797e+03, 6.695401e-01
1.478442e+03, 6.690184e-01
1.479088e+03, 6.684956e-01
1.479733e+03, 6.679715e-01
1.480379e+03, 6.674463e-01
1.481024e+03, 6.669199e-01
1.481670e+03, 6.663922e-01
1.482315e+03, 6.658634e-01
1.482961e+03, 6.653333e-01
1.483607e+03, 6.648021e-01
1.484252e+03, 6.642696e-01
1.484898e+03, 6.637360e-01
1.485543e+03, 6.632011e-01
1.486189e+03, 6.626651e-01
1.486834e+03, 6.621278e-01
1.487480e+03, 6.615893e-01
1.488125e+03, 6.610497e-01
1.488771e+03, 6.605088e-01
1.489416e+03, 6.599667e-01
1.490062e+03, 6.594234e-01
1.490708e+03, 6.588789e-01
1.491353e+03, 6.583332e-01
1.491999e+03, 6.577863e-01
1.492644e+03, 6.572382e-01
1.493290e+03, 6.566889e-01
1.493935e+03, 6.561384e-01
1.494581e+03, 6.555866e-01
1.495226e+03, 6.550337e-01
1.495872e+03, 6.544795e-01
1.496518e+03, 6.539241e-01
1.497163e+03, 6.533675e-01
1.497809e+03, 6.528097e-01
1.498454e+03, 6.522507e-01
1.499100e+03, 6.516905e-01
1.499745e+03, 6.511291e-01
1.500391e+03, 6.505664e-01
1.501036e+03, 6.500026e-01
1.501682e+03, 6.494375e-01
1.502327e+03, 6.488712e-01
1.502973e+03, 6.483037e-01
1.503619e+03, 6.477350e-01
1.504264e+03, 6.471651e-01
1.504910e+03, 6.465940e-01
1.505555e+03, 6.460216e-01
1.506201e+03, 6.454480e-01
1.506846e+03, 6.448733e-01
1.507492e+03, 6.442973e-01
1.508137e+03, 6.437201e-01
1.508783e+03, 6.431416e-01
1.509428e+03, 6.425620e-01
1.510074e+03, 6.419811e-01
1.510720e+03, 6.413991e-01
1.511365e+03, 6.408158e-01
1.512011e+03, 6.402313e-01
1.512656e+03, 6.396456e-01
1.513302e+03, 6.390586e-01
1.513947e+03, 6.384705e-01
1.514593e+03, 6.378811e-01
1.515238e+03, 6.372905e-01
1.515884e+03, 6.366987e-01
1.516530e+03, 6.361057e-01
1.517175e+03, 6.355115e-01
1.517821e+03, 6.349160e-01
1.518466e+03, 6.343193e-01
1.519112e+03, 6.337214e-01
1.519757e+03, 6.331223e-01
1.520403e+03, 6.325220e-01
1.521048e+03, 6.319205e-01
1.521694e+03, 6.313177e-01
1.522339e+03, 6.307138e-01
1.522985e+03, 6.301086e-01
1.523631e+03, 6.295021e-01
1.524276e+03, 6.288945e-01
1.524922e+03, 6.282857e-01
1.525567e+03, 6.276756e-01
1.526213e+03, 6.270643e-01
1.526858e+03, 6.264518e-01
1.527504e+03, 6.258381e-01
1.528149e+03, 6.252232e-01
1.528795e+03, 6.246071e-01
1.529440e+03, 6.239897e-01
1.530086e+03, 6.233711e-01
1.530732e+03, 6.227513e-01
1.531377e+03, 6.221303e-01
1.532023e+03, 6.215081e-01
1.532668e+03, 6.208846e-01
1.533314e+03, 6.202600e-01
1.533959e+03, 6.196341e-01
1.534605e+03, 6.190070e-01
1.535250e+03, 6.183787e-01
1.535896e+03, 6.177491e-01
1.536542e+03, 6.171184e-01
1.537187e+03, 6.164864e-01
1.537833e+03, 6.158533e-01
1.538478e+03, 6.152189e-01
1.539124e+03, 6.145833e-01
1.539769e+03, 6.139465e-01
1.540415e+03, 6.133089e-01
1.541060e+03, 6.126755e-01
1.541706e+03, 6.120373e-01
1.542351e+03, 6.113957e-01
1.542997e+03, 6.107528e-01
1.543643e+03, 6.101127e-01
1.544288e+03, 6.094722e-01
1.544934e+03, 6.088261e-01
1.545579e+03, 6.081785e-01
1.546225e+03, 6.075310e-01
1.546870e+03, 6.068871e-01
1.547516e+03, 6.062376e-01
1.548161e+03, 6.055855e-01
1.548807e+03, 6.049321e-01
1.549452e+03, 6.042776e-01
1.550098e+03, 6.036235e-01
1.550744e+03, 6.029724e-01
1.551389e+03, 6.023154e-01
1.552035e+03, 6.016562e-01
1.552680e+03, 6.009960e-01
1.553326e+03, 6.003391e-01
1.553971e+03, 5.996802e-01
1.554617e+03, 5.990164e-01
1.555262e+03, 5.983511e-01
1.555908e+03, 5.976867e-01
1.556554e+03, 5.970252e-01
1.557199e+03, 5.963576e-01
1.557845e+03, 5.956878e-01
1.558490e+03, 5.950168e-01
1.559136e+03, 5.943498e-01
1.559781e+03, 5.936807e-01
1.560427e+03, 5.930061e-01
1.561072e+03, 5.923304e-01
1.561718e+03, 5.916554e-01
1.562363e+03, 5.909835e-01
1.563009e+03, 5.903058e-01
1.563655e+03, 5.896257e-01
1.564300e+03, 5.889443e-01
1.564946e+03, 5.882663e-01
1.565591e+03, 5.875872e-01
1.566237e+03, 5.869023e-01
1.566882e+03, 5.862162e-01
1.567528e+03, 5.855301e-01
1.568173e+03, 5.848477e-01
1.568819e+03, 5.841602e-01
1.569464e+03, 5.834697e-01
1.570110e+03, 5.827777e-01
1.570756e+03, 5.820886e-01
1.571401e+03, 5.814000e-01
1.572047e+03, 5.807049e-01
1.572692e+03, 5.800085e-01
1.573338e+03, 5.793112e-01
1.573983e+03, 5.786186e-01
1.574629e+03, 5.779218e-01
1.575274e+03, 5.772208e-01
1.575920e+03, 5.765186e-01
1.576566e+03, 5.758179e-01
1.577211e+03, 5.751198e-01
1.577857e+03, 5.744149e-01
1.578502e+03, 5.737082e-01
1.579148e+03, 5.730005e-01
1.579793e+03, 5.722965e-01
1.580439e+03, 5.715911e-01
1.581084e+03, 5.708800e-01
1.581730e+03, 5.701677e-01
1.582375e+03, 5.694551e-01
1.583021e+03, 5.687466e-01
1.583667e+03, 5.680333e-01
1.584312e+03, 5.673164e-01
1.584958e+03, 5.665987e-01
1.585603e+03, 5.658827e-01
1.586249e+03, 5.651684e-01
1.586894e+03, 5.644477e-01
1.587540e+03, 5.637254e-01
1.588185e+03, 5.630019e-01
1.588831e+03, 5.622823e-01
1.589476e+03, 5.615612e-01
1.590122e+03, 5.608343e-01
1.590768e+03, 5.601063e-01
1.591413e+03, 5.593779e-01
1.592059e+03, 5.586541e-01
1.592704e+03, 5.579257e-01
1.593350e+03, 5.571932e-01
1.593995e+03, 5.564598e-01
1.594641e+03, 5.557278e-01
1.595286e+03, 5.549983e-01
1.595932e+03, 5.542625e-01
1.596578e+03, 5.535244e-01
1.597223e+03, 5.527855e-01
1.597869e+03, 5.520497e-01
1.598514e+03, 5.513146e-01
1.599160e+03, 5.505723e-01
1.599805e+03, 5.498289e-01
1.600451e+03, 5.490844e-01
1.601096e+03, 5.483446e-01
1.601742e+03, 5.476024e-01
1.602387e+03, 5.468545e-01
1.603033e+03, 5.461058e-01
1.603679e+03, 5.453570e-01
1.604324e+03, 5.446123e-01
1.604970e+03, 5.438633e-01
1.605615e+03, 5.431103e-01
1.606261e+03, 5.423562e-01
1.606906e+03, 5.416032e-01
1.607552e+03, 5.408535e-01
1.608197e+03, 5.400913e-01
1.608843e+03, 5.393255e-01
1.609488e+03, 5.385663e-01
1.610134e+03, 5.378092e-01
1.610780e+03, 5.370537e-01
1.611425e+03, 5.362916e-01
1.612071e+03, 5.355281e-01
1.612716e+03, 5.347635e-01
1.613362e+03, 5.340023e-01
1.614007e+03, 5.332412e-01
1.614653e+03, 5.324737e-01
1.615298e+03, 5.317050e-01
1.615944e+03, 5.309351e-01
1.616590e+03, 5.301644e-01
1.617235e+03, 5.293941e-01
1.617881e+03, 5.286273e-01
1.618526e+03, 5.278556e-01
1.619172e+03, 5.270808e-01
1.619817e+03, 5.263048e-01
1.620463e+03, 5.255302e-01
1.621108e+03, 5.247584e-01
1.621754e+03, 5.239809e-01
1.622399e+03, 5.232009e-01
1.623045e+03, 5.224201e-01
1.623691e+03, 5.216411e-01
1.624336e+03, 5.208642e-01
1.624982e+03, 5.200811e-01
1.625627e+03, 5.192962e-01
1.626273e+03, 5.185103e-01
1.626918e+03, 5.177267e-01
1.627564e+03, 5.169446e-01
1.628209e+03, 5.161560e-01
1.628855e+03, 5.153660e-01
1.629501e+03, 5.145754e-01
1.630146e+03, 5.137875e-01
1.630792e+03, 5.130007e-01
1.631437e+03, 5.122066e-01
1.632083e+03, 5.114117e-01
1.632728e+03, 5.106160e-01
1.633374e+03, 5.098236e-01
1.634019e+03, 5.090319e-01
1.634665e+03, 5.082332e-01
1.635310e+03, 5.074335e-01
1.635956e+03, 5.066328e-01
1.636602e+03, 5.058358e-01
1.637247e+03, 5.050390e-01
1.637893e+03, 5.042354e-01
1.638538e+03, 5.034308e-01
1.639184e+03, 5.026252e-01
1.639829e+03, 5.018189e-01
1.640475e+03, 5.010123e-01
1.641120e+03, 5.002105e-01
1.641766e+03, 4.994051e-01
1.642411e+03, 4.985951e-01
1.643057e+03, 4.977841e-01
1.643703e+03, 4.969726e-01
1.644348e+03, 4.961660e-01
1.644994e+03, 4.953560e-01
1.645639e+03, 4.945413e-01
1.646285e+03, 4.937256e-01
1.646930e+03, 4.929093e-01
1.647576e+03, 4.920983e-01
1.648221e+03, 4.912842e-01
1.648867e+03, 4.904652e-01
1.649513e+03, 4.896452e-01
1.650158e+03, 4.888243e-01
1.650804e+03, 4.880021e-01
1.651449e+03, 4.871812e-01
1.652095e+03, 4.863642e-01
1.652740e+03, 4.855422e-01
1.653386e+03, 4.847168e-01
1.654031e+03, 4.838904e-01
1.654677e+03, 4.830647e-01
1.655322e+03, 4.822432e-01
1.655968e+03, 4.814176e-01
1.656614e+03, 4.805880e-01
1.657259e+03, 4.797573e-01
1.657905e+03, 4.789257e-01
1.658550e+03, 4.780939e-01
1.659196e+03, 4.772637e-01
1.659841e+03, 4.764361e-01
1.660487e+03, 4.756032e-01
1.661132e+03, 4.747675e-01
1.661778e+03, 4.739310e-01
1.662423e+03, 4.730957e-01
1.663069e+03, 4.722642e-01
1.663715e+03, 4.714281e-01
1.664360e+03, 4.705886e-01
1.665006e+03, 4.697482e-01
1.665651e+03, 4.689071e-01
1.666297e+03, 4.680650e-01
1.666942e+03, 4.672249e-01
1.667588e+03, 4.663875e-01
1.668233e+03, 4.655450e-01
1.668879e+03, 4.646997e-01
1.669525e+03, 4.638539e-01
1.670170e+03, 4.630088e-01
1.670816e+03, 4.621675e-01
1.671461e+03, 4.613222e-01
1.672107e+03, 4.604732e-01
1.672752e+03, 4.596235e-01
1.673398e+03, 4.587730e-01
1.674043e+03, 4.579217e-01
1.674689e+03, 4.570716e-01
1.675334e+03, 4.562251e-01
1.675980e+03, 4.553743e-01
1.676626e+03, 4.545203e-01
1.677271e+03, 4.536652e-01
1.677917e+03, 4.528094e-01
1.678562e+03, 4.519531e-01
1.679208e+03, 4.510982e-01
1.679853e+03, 4.502468e-01
1.680499e+03, 4.493908e-01
1.681144e+03, 4.485315e-01
1.681790e+03, 4.476715e-01
1.682435e+03, 4.468108e-01
1.683081e+03, 4.459494e-01
1.683727e+03, 4.450870e-01
1.684372e+03, 4.442236e-01
1.685018e+03, 4.433598e-01
1.685663e+03, 4.424956e-01
1.686309e+03, 4.416309e-01
1.686954e+03, 4.407656e-01
1.687600e+03, 4.398996e-01
1.688245e+03, 4.390348e-01
1.688891e+03, 4.381738e-01
1.689537e+03, 4.373087e-01
1.690182e+03, 4.364400e-01
1.690828e+03, 4.355707e-01
1.691473e+03, 4.347006e-01
1.692119e+03, 4.338303e-01
1.692764e+03, 4.329607e-01
1.693410e+03, 4.320954e-01
1.694055e+03, 4.312266e-01
1.694701e+03, 4.303537e-01
1.695346e+03, 4.294801e-01
1.695992e+03, 4.286059e-01
1.696638e+03, 4.277311e-01
1.697283e+03, 4.268563e-01
1.697929e+03, 4.259866e-01
1.698574e+03, 4.251143e-01
1.699220e+03, 4.242371e-01
1.699865e+03, 4.233594e-01
1.700511e+03, 4.224813e-01
1.701156e+03, 4.216027e-01
1.701802e+03, 4.207234e-01
1.702447e+03, 4.198495e-01
1.703093e+03, 4.189745e-01
1.703739e+03, 4.180935e-01
1.704384e+03, 4.172120e-01
1.705030e+03, 4.163299e-01
1.705675e+03, 4.154472e-01
1.706321e+03, 4.145640e-01
1.706966e+03, 4.136805e-01
1.707612e+03, 4.127966e-01
1.708257e+03, 4.119180e-01
1.708903e+03, 4.110385e-01
1.709549e+03, 4.101530e-01
1.710194e+03, 4.092670e-01
1.710840e+03, 4.083804e-01
1.711485e+03, 4.074934e-01
1.712131e+03, 4.066058e-01
1.712776e+03, 4.057178e-01
1.713422e+03, 4.048293e-01
1.714067e+03, 4.039460e-01
1.714713e+03, 4.030628e-01
1.715358e+03, 4.021729e-01
1.716004e+03, 4.012825e-01
1.716650e+03, 4.003920e-01
1.717295e+03, 3.995010e-01
1.717941e+03, 3.986095e-01
1.718586e+03, 3.977176e-01
1.719232e+03, 3.968253e-01
1.719877e+03, 3.959374e-01
1.720523e+03, 3.950508e-01
1.721168e+03, 3.941578e-01
1.721814e+03, 3.932638e-01
1.722459e+03, 3.923696e-01
1.723105e+03, 3.914751e-01
1.723751e+03, 3.905802e-01
1.724396e+03, 3.896849e-01
1.725042e+03, 3.887892e-01
1.725687e+03, 3.878966e-01
1.726333e+03, 3.870064e-01
1.726978e+03, 3.861114e-01
1.727624e+03, 3.852142e-01
1.728269e+03, 3.843169e-01
1.728915e+03, 3.834193e-01
1.729561e+03, 3.825211e-01
1.730206e+03, 3.816226e-01
1.730852e+03, 3.807240e-01
1.731497e+03, 3.798251e-01
1.732143e+03, 3.789258e-01
1.732788e+03, 3.780290e-01
1.733434e+03, 3.771354e-01
1.734079e+03, 3.762379e-01
1.734725e+03, 3.753378e-01
1.735370e+03, 3.744371e-01
1.736016e+03, 3.735361e-01
1.736662e+03, 3.726350e-01
1.737307e+03, 3.717337e-01
1.737953e+03, 3.708322e-01
1.738598e+03, 3.699304e-01
1.739244e+03, 3.690283e-01
1.739889e+03, 3.681274e-01
1.740535e+03, 3.672310e-01
1.741180e+03, 3.663322e-01
1.741826e+03, 3.654292e-01
1.742471e+03, 3.645261e-01
1.743117e+03, 3.636230e-01
1.743763e+03, 3.627194e-01
1.744408e+03, 3.618155e-01
1.745054e+03, 3.609117e-01
1.745699e+03, 3.600077e-01
1.746345e+03, 3.591036e-01
1.746990e+03, 3.581993e-01
1.747636e+03, 3.572948e-01
1.748281e+03, 3.563901e-01
1.748927e+03, 3.554856e-01
1.749573e+03, 3.545818e-01
1.750218e+03, 3.536828e-01
1.750864e+03, 3.527822e-01
1.751509e+03, 3.518771e-01
1.752155e+03, 3.509699e-01
1.752800e+03, 3.500589e-01
1.753446e+03, 3.491504e-01
1.754091e+03, 3.482448e-01
1.754737e+03, 3.473392e-01
1.755382e+03, 3.464334e-01
1.756028e+03, 3.455276e-01
1.756674e+03, 3.446217e-01
1.757319e+03, 3.437160e-01
1.757965e+03, 3.428102e-01
1.758610e+03, 3.419042e-01
1.759256e+03, 3.409980e-01
1.759901e+03, 3.400921e-01
1.760547e+03, 3.391861e-01
1.761192e+03, 3.382860e-01
1.761838e+03, 3.373857e-01
1.762483e+03, 3.364799e-01
1.763129e+03, 3.355741e-01
1.763775e+03, 3.346681e-01
1.764420e+03, 3.337621e-01
1.765066e+03, 3.328563e-01
1.765711e+03, 3.319505e-01
1.766357e+03, 3.310445e-01
1.767002e+03, 3.301386e-01
1.767648e+03, 3.292329e-01
1.768293e+03, 3.283274e-01
1.768939e+03, 3.274221e-01
1.769585e+03, 3.265167e-01
1.770230e+03, 3.256112e-01
1.770876e+03, 3.247058e-01
1.771521e+03, 3.238005e-01
1.772167e+03, 3.228954e-01
1.772812e+03, 3.219905e-01
1.773458e+03, 3.210858e-01
1.774103e+03, 3.201811e-01
1.774749e+03, 3.192765e-01
1.775394e+03, 3.183721e-01
1.776040e+03, 3.174720e-01
1.776686e+03, 3.165738e-01
1.777331e+03, 3.156710e-01
1.777977e+03, 3.147671e-01
1.778622e+03, 3.138635e-01
1.779268e+03, 3.129602e-01
1.779913e+03, 3.120570e-01
1.780559e+03, 3.111541e-01
1.781204e+03, 3.102512e-01
1.781850e+03, 3.093486e-01
1.782495e+03, 3.084462e-01
1.783141e+03, 3.075439e-01
1.783787e+03, 3.066419e-01
1.784432e+03, 3.057401e-01
1.785078e+03, 3.048385e-01
1.785723e+03, 3.039371e-01
1.786369e+03, 3.030363e-01
1.787014e+03, 3.021357e-01
1.787660e+03, 3.012353e-01
1.788305e+03, 3.003352e-01
1.788951e+03, 2.994353e-01
1.789597e+03, 2.985358e-01
1.790242e+03, 2.976365e-01
1.790888e+03, 2.967375e-01
1.791533e+03, 2.958388e-01
1.792179e+03, 2.949404e-01
1.792824e+03, 2.940425e-01
1.793470e+03, 2.931450e-01
1.794115e+03, 2.922478e-01
1.794761e+03, 2.913509e-01
1.795406e+03, 2.904544e-01
1.796052e+03, 2.895582e-01
1.796698e+03, 2.886624e-01
1.797343e+03, 2.877669e-01
1.797989e+03, 2.868718e-01
1.798634e+03, 2.859770e-01
1.799280e+03, 2.850829e-01
1.799925e+03, 2.841892e-01
1.800571e+03, 2.832956e-01
1.801216e+03, 2.824024e-01
1.801862e+03, 2.815099e-01
1.802508e+03, 2.806178e-01
1.803153e+03, 2.797261e-01
1.803799e+03, 2.788349e-01
1.804444e+03, 2.779440e-01
1.805090e+03, 2.770537e-01
1.805735e+03, 2.761640e-01
1.806381e+03, 2.752748e-01
1.807026e+03, 2.743858e-01
1.807672e+03, 2.734973e-01
1.808317e+03, 2.726095e-01
1.808963e+03, 2.717222e-01
1.809609e+03, 2.708354e-01
1.810254e+03, 2.699491e-01
1.810900e+03, 2.690633e-01
1.811545e+03, 2.681781e-01
1.812191e+03, 2.672935e-01
1.812836e+03, 2.664096e-01
1.813482e+03, 2.655222e-01
1.814127e+03, 2.646349e-01
1.814773e+03, 2.637519e-01
1.815418e+03, 2.628702e-01
1.816064e+03, 2.619846e-01
1.816710e+03, 2.610985e-01
1.817355e+03, 2.602172e-01
1.818001e+03, 2.593378e-01
1.818646e+03, 2.584591e-01
1.819292e+03, 2.575812e-01
1.819937e+03, 2.567036e-01
1.820583e+03, 2.558266e-01
1.821228e+03, 2.549504e-01
1.821874e+03, 2.540749e-01
1.822520e+03, 2.532001e-01
1.823165e+03, 2.523259e-01
1.823811e+03, 2.514523e-01
1.824456e+03, 2.505795e-01
1.825102e+03, 2.497072e-01
1.825747e+03, 2.488357e-01
1.826393e+03, 2.479649e-01
1.827038e+03, 2.470950e-01
1.827684e+03, 2.462257e-01
1.828329e+03, 2.453570e-01
1.828975e+03, 2.444890e-01
1.829621e+03, 2.436219e-01
1.830266e+03, 2.427555e-01
1.830912e+03, 2.418899e-01
1.831557e+03, 2.410245e-01
1.832203e+03, 2.401551e-01
1.832848e+03, 2.392865e-01
1.833494e+03, 2.384241e-01
1.834139e+03, 2.375625e-01
1.834785e+03, 2.367017e-01
1.835430e+03, 2.358416e-01
1.836076e+03, 2.349822e-01
1.836722e+03, 2.341235e-01
1.837367e+03, 2.332659e-01
1.838013e+03, 2.324093e-01
1.838658e+03, 2.315534e-01
1.839304e+03, 2.306982e-01
1.839949e+03, 2.298438e-01
1.840595e+03, 2.289903e-01
1.841240e+03, 2.281378e-01
1.841886e+03, 2.272862e-01
1.842532e+03, 2.264336e-01
1.843177e+03, 2.255786e-01
1.843823e+03, 2.247258e-01
1.844468e+03, 2.238777e-01
1.845114e+03, 2.230305e-01
1.845759e+03, 2.221842e-01
1.846405e+03, 2.213389e-01
1.847050e+03, 2.204946e-01
1.847696e+03, 2.196513e-01
1.848341e+03, 2.188086e-01
1.848987e+03, 2.179669e-01
1.849633e+03, 2.171263e-01
1.850278e+03, 2.162867e-01
1.850924e+03, 2.154447e-01
1.851569e+03, 2.146020e-01
1.852215e+03, 2.137631e-01
1.852860e+03, 2.129273e-01
1.853506e+03, 2.120927e-01
1.854151e+03, 2.112591e-01
1.854797e+03, 2.104266e-01
1.855442e+03, 2.095950e-01
1.856088e+03, 2.087645e-01
1.856734e+03, 2.079350e-01
1.857379e+03, 2.071063e-01
1.858025e+03, 2.062739e-01
1.858670e+03, 2.054426e-01
1.859316e+03, 2.046167e-01
1.859961e+03, 2.037923e-01
1.860607e+03, 2.029690e-01
1.861252e+03, 2.021468e-01
1.861898e+03, 2.013258e-01
1.862544e+03, 2.005059e-01
1.863189e+03, 1.996871e-01
1.863835e+03, 1.988694e-01
1.864480e+03, 1.980514e-01
1.865126e+03, 1.972311e-01
1.865771e+03, 1.964126e-01
1.866417e+03, 1.955994e-01
1.867062e+03, 1.947872e-01
1.867708e+03, 1.939764e-01
1.868353e+03, 1.931668e-01
1.868999e+03, 1.923583e-01
1.869645e+03, 1.915509e-01
1.870290e+03, 1.907396e-01
1.870936e+03, 1.899269e-01
1.871581e+03, 1.891193e-01
1.872227e+03, 1.883166e-01
1.872872e+03, 1.875151e-01
1.873518e+03, 1.867148e-01
1.874163e+03, 1.859157e-01
1.874809e+03, 1.851180e-01
1.875454e+03, 1.843215e-01
1.876100e+03, 1.835217e-01
1.876746e+03, 1.827230e-01
1.877391e+03, 1.819292e-01
1.878037e+03, 1.811376e-01
1.878682e+03, 1.803472e-01
1.879328e+03, 1.795581e-01
1.879973e+03, 1.787683e-01
1.880619e+03, 1.779771e-01
1.881264e+03, 1.771884e-01
1.881910e+03, 1.764045e-01
1.882556e+03, 1.756219e-01
1.883201e+03, 1.748406e-01
1.883847e+03, 1.740606e-01
1.884492e+03, 1.732818e-01
1.885138e+03, 1.725044e-01
1.885783e+03, 1.717254e-01
1.886429e+03, 1.709461e-01
1.887074e+03, 1.701702e-01
1.887720e+03, 1.693982e-01
1.888365e+03, 1.686276e-01
1.889011e+03, 1.678581e-01
1.889657e+03, 1.670898e-01
1.890302e+03, 1.663188e-01
1.890948e+03, 1.655492e-01
1.891593e+03, 1.647846e-01
1.892239e+03, 1.640222e-01
1.892884e+03, 1.632612e-01
1.893530e+03, 1.625014e-01
1.894175e+03, 1.617415e-01
1.894821e+03, 1.609804e-01
1.895466e+03, 1.602212e-01
1.896112e+03, 1.594670e-01
1.896758e+03, 1.587142e-01
1.897403e+03, 1.579630e-01
1.898049e+03, 1.572132e-01
1.898694e+03, 1.564621e-01
1.899340e+03, 1.557111e-01
1.899985e+03, 1.549634e-01
1.900631e+03, 1.542194e-01
1.901276e+03, 1.534759e-01
1.901922e+03, 1.527308e-01
1.902568e+03, 1.519871e-01
1.903213e+03, 1.512489e-01
1.903859e+03, 1.505124e-01
1.904504e+03, 1.497773e-01
1.905150e+03, 1.490436e-01
1.905795e+03, 1.483096e-01
1.906441e+03, 1.475748e-01
1.907086e+03, 1.468425e-01
1.907732e+03, 1.461150e-01
1.908377e+03, 1.453891e-01
1.909023e+03, 1.446644e-01
1.909669e+03, 1.439413e-01
1.910314e+03, 1.432170e-01
1.910960e+03, 1.424930e-01
1.911605e+03, 1.417726e-01
1.912251e+03, 1.410559e-01
1.912896e+03, 1.403400e-01
1.913542e+03, 1.396223e-01
1.914187e+03, 1.389062e-01
1.914833e+03, 1.381954e-01
1.915478e+03, 1.374865e-01
1.916124e+03, 1.367766e-01
1.916770e+03, 1.360670e-01
1.917415e+03, 1.353603e-01
1.918061e+03, 1.346577e-01
1.918706e+03, 1.339567e-01
1.919352e+03, 1.332573e-01
1.919997e+03, 1.325595e-01
1.920643e+03, 1.318603e-01
1.921288e+03, 1.311620e-01
1.921934e+03, 1.304673e-01
1.922580e+03, 1.297761e-01
1.923225e+03, 1.290852e-01
1.923871e+03, 1.283916e-01
1.924516e+03, 1.276996e-01
1.925162e+03, 1.270146e-01
1.925807e+03, 1.263315e-01
1.926453e+03, 1.256478e-01
1.927098e+03, 1.249645e-01
1.927744e+03, 1.242840e-01
1.928389e+03, 1.236075e-01
1.929035e+03, 1.229326e-01
1.929681e+03, 1.222559e-01
1.930326e+03, 1.215810e-01
1.930972e+03, 1.209103e-01
1.931617e+03, 1.202424e-01
1.932263e+03, 1.195746e-01
1.932908e+03, 1.189066e-01
1.933554e+03, 1.182406e-01
1.934199e+03, 1.175794e-01
1.934845e+03, 1.169199e-01
1.935490e+03, 1.162594e-01
1.936136e+03, 1.155998e-01
1.936782e+03, 1.149437e-01
1.937427e+03, 1.142912e-01
1.938073e+03, 1.136399e-01
1.938718e+03, 1.129875e-01
1.939364e+03, 1.123368e-01
1.940009e+03, 1.116905e-01
1.940655e+03, 1.110466e-01
1.941300e+03, 1.104028e-01
1.941946e+03, 1.097591e-01
1.942592e+03, 1.091171e-01
1.943237e+03, 1.084769e-01
1.943883e+03, 1.078385e-01
1.944528e+03, 1.072047e-01
1.945174e+03, 1.065733e-01
1.945819e+03, 1.059421e-01
1.946465e+03, 1.053108e-01
1.947110e+03, 1.046816e-01
1.947756e+03, 1.040573e-01
1.948401e+03, 1.034348e-01
1.949047e+03, 1.028115e-01
1.949693e+03, 1.021893e-01
1.950338e+03, 1.015701e-01
1.950984e+03, 1.009547e-01
1.951629e+03, 1.003410e-01
1.952275e+03, 9.972611e-02
1.952920e+03, 9.911302e-02
1.953566e+03, 9.850163e-02
1.954211e+03, 9.789203e-02
1.954857e+03, 9.728532e-02
1.955503e+03, 9.668272e-02
1.956148e+03, 9.608192e-02
1.956794e+03, 9.547991e-02
1.957439e+03, 9.487958e-02
1.958085e+03, 9.428300e-02
1.958730e+03, 9.368962e-02
1.959376e+03, 9.309743e-02
1.960021e+03, 9.250445e-02
1.960667e+03, 9.191333e-02
1.961312e+03, 9.132417e-02
1.961958e+03, 9.073690e-02
1.962604e+03, 9.015283e-02
1.963249e+03, 8.957234e-02
1.963895e+03, 8.899353e-02
1.964540e+03, 8.841382e-02
1.965186e+03, 8.783598e-02
1.965831e+03, 8.726001e-02
1.966477e+03, 8.668592e-02
1.967122e+03, 8.611442e-02
1.967768e+03, 8.554694e-02
1.968413e+03, 8.498132e-02
1.969059e+03, 8.441522e-02
1.969705e+03, 8.385065e-02
1.970350e+03, 8.328790e-02
1.970996e+03, 8.272697e-02
1.971641e+03, 8.216802e-02
1.972287e+03, 8.161267e-02
1.972932e+03, 8.105922e-02
1.973578e+03, 8.050659e-02
1.974223e+03, 7.995528e-02
1.974869e+03, 7.940587e-02
1.975515e+03, 7.885836e-02
1.976160e+03, 7.831277e-02
1.976806e+03, 7.777146e-02
1.977451e+03, 7.723260e-02
1.978097e+03, 7.669451e-02
1.978742e+03, 7.615655e-02
1.979388e+03, 7.562050e-02
1.980033e+03, 7.508649e-02
1.980679e+03, 7.455441e-02
1.981324e+03, 7.402425e-02
1.981970e+03, 7.349601e-02
1.982616e+03, 7.296999e-02
1.983261e+03, 7.244841e-02
1.983907e+03, 7.192873e-02
1.984552e+03, 7.140916e-02
1.985198e+03, 7.089054e-02
1.985843e+03, 7.037390e-02
1.986489e+03, 6.985927e-02
1.987134e+03, 6.934659e-02
1.987780e+03, 6.883585e-02
1.988425e+03, 6.832704e-02
1.989071e+03, 6.782105e-02
1.989717e+03, 6.731881e-02
1.990362e+03, 6.681848e-02
1.991008e+03, 6.631779e-02
1.991653e+03, 6.581868e-02
1.992299e+03, 6.532157e-02
1.992944e+03, 6.482647e-02
1.993590e+03, 6.433332e-02
1.994235e+03, 6.384212e-02
1.994881e+03, 6.335288e-02
1.995527e+03, 6.286564e-02
1.996172e+03, 6.238041e-02
1.996818e+03, 6.189716e-02
1.997463e+03, 6.141817e-02
1.998109e+03, 6.094112e-02
1.998754e+03, 6.046474e-02
1.999400e+03, 5.998927e-02
2.000045e+03, 5.951576e-02
2.000691e+03, 5.904421e-02
2.001336e+03, 5.857462e-02
2.001982e+03, 5.810705e-02
2.002628e+03, 5.764149e-02
2.003273e+03, 5.717788e-02
2.003919e+03, 5.671614e-02
2.004564e+03, 5.625636e-02
2.005210e+03, 5.579862e-02
2.005855e+03, 5.534287e-02
2.006501e+03, 5.488910e-02
2.007146e+03, 5.443729e-02
2.007792e+03, 5.398744e-02
2.008437e+03, 5.354103e-02
2.009083e+03, 5.309743e-02
2.009729e+03, 5.265549e-02
2.010374e+03, 5.221349e-02
2.011020e+03, 5.177346e-02
2.011665e+03, 5.133546e-02
2.012311e+03, 5.089946e-02
2.012956e+03, 5.046543e-02
2.013602e+03, 5.003337e-02
2.014247e+03, 4.960328e-02
2.014893e+03, 4.917521e-02
2.015539e+03, 4.874915e-02
2.016184e+03, 4.832506e-02
2.016830e+03, 4.790293e-02
2.017475e+03, 4.748278e-02
2.018121e+03, 4.706459e-02
2.018766e+03, 4.664837e-02
2.019412e+03, 4.623410e-02
2.020057e+03, 4.582124e-02
2.020703e+03, 4.541036e-02
2.021348e+03, 4.500174e-02
2.021994e+03, 4.459538e-02
2.022640e+03, 4.419099e-02
2.023285e+03, 4.378864e-02
2.023931e+03, 4.338827e-02
2.024576e+03, 4.298986e-02
2.025222e+03, 4.259342e-02
2.025867e+03, 4.219894e-02
2.026513e+03, 4.180650e-02
2.027158e+03, 4.141603e-02
2.027804e+03, 4.102750e-02
2.028449e+03, 4.064088e-02
2.029095e+03, 4.025622e-02
2.029741e+03, 3.987359e-02
2.030386e+03, 3.949294e-02
2.031032e+03, 3.911424e-02
2.031677e+03, 3.873751e-02
2.032323e+03, 3.836274e-02
2.032968e+03, 3.798992e-02
2.033614e+03, 3.761907e-02
2.034259e+03, 3.725018e-02
2.034905e+03, 3.688331e-02
2.035551e+03, 3.651840e-02
2.036196e+03, 3.615544e-02
2.036842e+03, 3.579444e-02
2.037487e+03, 3.543538e-02
2.038133e+03, 3.507828e-02
2.038778e+03, 3.472313e-02
2.039424e+03, 3.436996e-02
2.040069e+03, 3.401878e-02
2.040715e+03, 3.366955e-02
2.041360e+03, 3.332220e-02
2.042006e+03, 3.297679e-02
2.042652e+03, 3.263334e-02
2.043297e+03, 3.229189e-02
2.043943e+03, 3.195237e-02
2.044588e+03, 3.161485e-02
2.045234e+03, 3.127928e-02
2.045879e+03, 3.094564e-02
2.046525e+03, 3.061388e-02
2.047170e+03, 3.028405e-02
2.047816e+03, 2.995619e-02
2.048461e+03, 2.963030e-02
2.049107e+03, 2.930634e-02
2.049753e+03, 2.898430e-02
2.050398e+03, 2.866419e-02
2.051044e+03, 2.834603e-02
2.051689e+03, 2.802984e-02
2.052335e+03, 2.771557e-02
2.052980e+03, 2.740317e-02
2.053626e+03, 2.709268e-02
2.054271e+03, 2.678402e-02
2.054917e+03, 2.647597e-02
2.055563e+03, 2.616986e-02
2.056208e+03, 2.586632e-02
2.056854e+03, 2.556548e-02
2.057499e+03, 2.526656e-02
2.058145e+03, 2.496959e-02
2.058790e+03, 2.467454e-02
2.059436e+03, 2.438140e-02
2.060081e+03, 2.409015e-02
2.060727e+03, 2.380081e-02
2.061372e+03, 2.351336e-02
2.062018e+03, 2.322781e-02
2.062664e+03, 2.294415e-02
2.063309e+03, 2.266214e-02
2.063955e+03, 2.238201e-02
2.064600e+03, 2.210348e-02
2.065246e+03, 2.182616e-02
2.065891e+03, 2.155074e-02
2.066537e+03, 2.127801e-02
2.067182e+03, 2.100759e-02
2.067828e+03, 2.073905e-02
2.068473e+03, 2.047249e-02
2.069119e+03, 2.020781e-02
2.069765e+03, 1.994498e-02
2.070410e+03, 1.968398e-02
2.071056e+03, 1.942485e-02
2.071701e+03, 1.916762e-02
2.072347e+03, 1.891227e-02
2.072992e+03, 1.865873e-02
2.073638e+03, 1.840593e-02
2.074283e+03, 1.815500e-02
2.074929e+03, 1.790637e-02
2.075575e+03, 1.766031e-02
2.076220e+03, 1.741611e-02
2.076866e+03, 1.717378e-02
2.077511e+03, 1.693331e-02
2.078157e+03, 1.669468e-02
2.078802e+03, 1.645789e-02
2.079448e+03, 1.622293e-02
2.080093e+03, 1.598944e-02
2.080739e+03, 1.575708e-02
2.081384e+03, 1.552657e-02
2.082030e+03, 1.529860e-02
2.082676e+03, 1.507281e-02
2.083321e+03, 1.484884e-02
2.083967e+03, 1.462673e-02
2.084612e+03, 1.440643e-02
2.085258e+03, 1.418765e-02
2.085903e+03, 1.396999e-02
2.086549e+03, 1.375414e-02
2.087194e+03, 1.354070e-02
2.087840e+03, 1.332946e-02
2.088485e+03, 1.312002e-02
2.089131e+03, 1.291240e-02
2.089777e+03, 1.270659e-02
2.090422e+03, 1.250238e-02
2.091068e+03, 1.229922e-02
2.091713e+03, 1.209787e-02
2.092359e+03, 1.189874e-02
2.093004e+03, 1.170186e-02
2.093650e+03, 1.150676e-02
2.094295e+03, 1.131347e-02
2.094941e+03, 1.112194e-02
2.095587e+03, 1.093215e-02
2.096232e+03, 1.074331e-02
2.096878e+03, 1.055625e-02
2.097523e+03, 1.037122e-02
2.098169e+03, 1.018852e-02
2.098814e+03, 1.000757e-02
2.099460e+03, 9.828374e-03
2.100105e+03, 9.650921e-03
2.100751e+03, 9.475211e-03
2.101396e+03, 9.300594e-03
2.102042e+03, 9.127623e-03
2.102688e+03, 8.956493e-03
2.103333e+03, 8.787772e-03
2.103979e+03, 8.620778e-03
2.104624e+03, 8.455226e-03
2.105270e+03, 8.290944e-03
2.105915e+03, 8.128395e-03
2.106561e+03, 7.967995e-03
2.107206e+03, 7.809551e-03
2.107852e+03, 7.652817e-03
2.108497e+03, 7.497226e-03
2.109143e+03, 7.343274e-03
2.109789e+03, 7.191134e-03
2.110434e+03, 7.041326e-03
2.111080e+03, 6.893208e-03
2.111725e+03, 6.746530e-03
2.112371e+03, 6.601115e-03
2.113016e+03, 6.457395e-03
2.113662e+03, 6.315765e-03
2.114307e+03, 6.176067e-03
2.114953e+03, 6.038040e-03
2.115599e+03, 5.901176e-03
2.116244e+03, 5.765888e-03
2.116890e+03, 5.632312e-03
2.117535e+03, 5.500950e-03
2.118181e+03, 5.371241e-03
2.118826e+03, 5.243026e-03
2.119472e+03, 5.116081e-03
2.120117e+03, 4.990793e-03
2.120763e+03, 4.867428e-03
2.121408e+03, 4.745972e-03
2.122054e+03, 4.626148e-03
2.122700e+03, 4.507582e-03
2.123345e+03, 4.390504e-03
2.123991e+03, 4.275061e-03
2.124636e+03, 4.161726e-03
2.125282e+03, 4.050045e-03
2.125927e+03, 3.939916e-03
2.126573e+03, 3.830979e-03
2.127218e+03, 3.723659e-03
2.127864e+03, 3.618097e-03
2.128510e+03, 3.514448e-03
2.129155e+03, 3.412392e-03
2.129801e+03, 3.311710e-03
2.130446e+03, 3.212418e-03
2.131092e+03, 3.114720e-03
2.131737e+03, 3.018613e-03
2.132383e+03, 2.924094e-03
2.133028e+03, 2.831157e-03
2.133674e+03, 2.740143e-03
2.134319e+03, 2.650742e-03
2.134965e+03, 2.562879e-03
2.135611e+03, 2.476219e-03
2.136256e+03, 2.391123e-03
2.136902e+03, 2.307675e-03
2.137547e+03, 2.226062e-03
2.138193e+03, 2.145987e-03
2.138838e+03, 2.067313e-03
2.139484e+03, 1.989978e-03
2.140129e+03, 1.914184e-03
2.140775e+03, 1.839936e-03
2.141420e+03, 1.767227e-03
2.142066e+03, 1.696047e-03
2.142712e+03, 1.626596e-03
2.143357e+03, 1.558736e-03
2.144003e+03, 1.492382e-03
2.144648e+03, 1.427296e-03
2.145294e+03, 1.363687e-03
2.145939e+03, 1.301584e-03
2.146585e+03, 1.240983e-03
2.147230e+03, 1.181882e-03
2.147876e+03, 1.124316e-03
2.148522e+03, 1.068436e-03
2.149167e+03, 1.014030e-03
2.149813e+03, 9.610272e-04
2.150458e+03, 9.093509e-04
2.151104e+03, 8.591490e-04
2.151749e+03, 8.104216e-04
2.152395e+03, 7.631653e-04
2.153040e+03, 7.173711e-04
2.153686e+03, 6.730304e-04
2.154331e+03, 6.301410e-04
2.154977e+03, 5.887024e-04
2.155623e+03, 5.488321e-04
2.156268e+03, 5.104457e-04
2.156914e+03, 4.734855e-04
2.157559e+03, 4.378262e-04
2.158205e+03, 4.035696e-04
2.158850e+03, 3.707395e-04
2.159496e+03, 3.393370e-04
2.160141e+03, 3.093529e-04
2.160787e+03, 2.807827e-04
2.161432e+03, 2.536225e-04
2.162078e+03, 2.278682e-04
2.162724e+03, 2.035158e-04
2.163369e+03, 1.805613e-04
2.164015e+03, 1.590008e-04
2.164660e+03, 1.388512e-04
2.165306e+03, 1.201437e-04
2.165951e+03, 1.028061e-04
2.166597e+03, 8.681266e-05
2.167242e+03, 7.214612e-05
2.167888e+03, 5.884883e-05
2.168534e+03, 4.691677e-05
2.169179e+03, 3.634587e-05
2.169825e+03, 2.713209e-05
2.170470e+03, 1.927138e-05
2.171116e+03, 1.275969e-05
2.171761e+03, 7.592939e-06
2.172407e+03, 3.767417e-06
2.173052e+03, 1.278569e-06
2.173698e+03, 1.220109e-07
2.174343e+03, 2.935793e-07
2.174989e+03, 1.788869e-06
2.175635e+03, 4.603783e-06
2.176280e+03, 8.734859e-06
2.176926e+03, 1.417804e-05
2.177571e+03, 2.092908e-05
2.178217e+03, 2.898268e-05
2.178862e+03, 3.833528e-05
2.179508e+03, 4.898304e-05
2.180153e+03, 6.087742e-05
2.180799e+03, 7.404158e-05
2.181444e+03, 8.847816e-05
2.182090e+03, 1.042424e-04
2.182736e+03, 1.212860e-04
2.183381e+03, 1.396000e-04
2.184027e+03, 1.591835e-04
2.184672e+03, 1.800297e-04
2.185318e+03, 2.021342e-04
2.185963e+03, 2.254840e-04
2.186609e+03, 2.500828e-04
2.187254e+03, 2.759267e-04
2.187900e+03, 3.030174e-04
2.188546e+03, 3.313456e-04
2.189191e+03, 3.609069e-04
2.189837e+03, 3.916926e-04
2.190482e+03, 4.237031e-04
2.191128e+03, 4.569343e-04
2.191773e+03, 4.913822e-04
2.192419e+03, 5.270427e-04
2.193064e+03, 5.639109e-04
2.193710e+03, 6.019777e-04
2.194355e+03, 6.412445e-04
2.195001e+03, 6.817070e-04
2.195647e+03, 7.233613e-04
2.196292e+03, 7.662033e-04
2.196938e+03, 8.102288e-04
2.197583e+03, 8.554339e-04
2.198229e+03, 9.018143e-04
2.198874e+03, 9.493661e-04
2.199520e+03, 9.980851e-04
2.200165e+03, 1.047967e-03
2.200811e+03, 1.099043e-03
2.201456e+03, 1.151443e-03
2.202102e+03, 1.205003e-03
2.202748e+03, 1.259681e-03
2.203393e+03, 1.315312e-03
2.204039e+03, 1.372081e-03
2.204684e+03, 1.429986e-03
2.205330e+03, 1.489029e-03
2.205975e+03, 1.549198e-03
2.206621e+03, 1.610487e-03
2.207266e+03, 1.672886e-03
2.207912e+03, 1.736398e-03
2.208558e+03, 1.801020e-03
2.209203e+03, 1.866747e-03
2.209849e+03, 1.933575e-03
2.210494e+03, 2.001500e-03
2.211140e+03, 2.070508e-03
2.211785e+03, 2.140605e-03
2.212431e+03, 2.211787e-03
2.213076e+03, 2.284050e-03
2.213722e+03, 2.357389e-03
2.214367e+03, 2.431802e-03
2.215013e+03, 2.507283e-03
2.215659e+03, 2.583829e-03
2.216304e+03, 2.661436e-03
2.216950e+03, 2.740396e-03
2.217595e+03, 2.820420e-03
2.218241e+03, 2.901500e-03
2.218886e+03, 2.983328e-03
2.219532e+03, 3.066176e-03
2.220177e+03, 3.150061e-03
2.220823e+03, 3.234979e-03
2.221468e+03, 3.320925e-03
2.222114e+03, 3.407895e-03
2.222760e+03, 3.495849e-03
2.223405e+03, 3.584812e-03
2.224051e+03, 3.674784e-03
2.224696e+03, 3.766063e-03
2.225342e+03, 3.858443e-03
2.225987e+03, 3.951831e-03
2.226633e+03, 4.045963e-03
2.227278e+03, 4.140978e-03
2.227924e+03, 4.236981e-03
2.228570e+03, 4.333959e-03
2.229215e+03, 4.431912e-03
2.229861e+03, 4.530840e-03
2.230506e+03, 4.630741e-03
2.231152e+03, 4.731611e-03
2.231797e+03, 4.833444e-03
2.232443e+03, 4.936418e-03
2.233088e+03, 5.040557e-03
2.233734e+03, 5.145656e-03
2.234379e+03, 5.251558e-03
2.235025e+03, 5.358149e-03
2.235671e+03, 5.465680e-03
2.236316e+03, 5.574148e-03
2.236962e+03, 5.683549e-03
2.237607e+03, 5.793879e-03
2.238253e+03, 5.905209e-03
2.238898e+03, 6.017821e-03
2.239544e+03, 6.131357e-03
2.240189e+03, 6.245778e-03
2.240835e+03, 6.360687e-03
2.241480e+03, 6.476502e-03
2.242126e+03, 6.593219e-03
2.242772e+03, 6.711250e-03
2.243417e+03, 6.830198e-03
2.244063e+03, 6.950042e-03
2.244708e+03, 7.070410e-03
2.245354e+03, 7.191587e-03
2.245999e+03, 7.313643e-03
2.246645e+03, 7.436560e-03
2.247290e+03, 7.560343e-03
2.247936e+03, 7.684993e-03
2.248582e+03, 7.810777e-03
2.249227e+03, 7.937613e-03
2.249873e+03, 8.065311e-03
2.250518e+03, 8.193658e-03
2.251164e+03, 8.322596e-03
2.251809e+03, 8.452378e-03
2.252455e+03, 8.583152e-03
2.253100e+03, 8.715092e-03
2.253746e+03, 8.847872e-03
2.254391e+03, 8.981395e-03
2.255037e+03, 9.115312e-03
2.255683e+03, 9.250050e-03
2.256328e+03, 9.385611e-03
2.256974e+03, 9.522422e-03
2.257619e+03, 9.660046e-03
2.258265e+03, 9.798481e-03
2.258910e+03, 9.937342e-03
2.259556e+03, 1.007694e-02
2.260201e+03, 1.021733e-02
2.260847e+03, 1.035888e-02
2.261492e+03, 1.050139e-02
2.262138e+03, 1.064468e-02
2.262784e+03, 1.078847e-02
2.263429e+03, 1.093277e-02
2.264075e+03, 1.107785e-02
2.264720e+03, 1.122388e-02
2.265366e+03, 1.137101e-02
2.266011e+03, 1.151892e-02
2.266657e+03, 1.166750e-02
2.267302e+03, 1.181639e-02
2.267948e+03, 1.196604e-02
2.268594e+03, 1.211643e-02
2.269239e+03, 1.226811e-02
2.269885e+03, 1.242054e-02
2.270530e+03, 1.257371e-02
2.271176e+03, 1.272759e-02
2.271821e+03, 1.288221e-02
2.272467e+03, 1.303756e-02
2.273112e+03, 1.319330e-02
2.273758e+03, 1.334952e-02
2.274403e+03, 1.350646e-02
2.275049e+03, 1.366433e-02
2.275695e+03, 1.382328e-02
2.276340e+03, 1.398293e-02
2.276986e+03, 1.414319e-02
2.277631e+03, 1.430366e-02
2.278277e+03, 1.446483e-02
2.278922e+03, 1.462669e-02
2.279568e+03, 1.478979e-02
2.280213e+03, 1.495360e-02
2.280859e+03, 1.511809e-02
2.281505e+03, 1.528325e-02
2.282150e+03, 1.544908e-02
2.282796e+03, 1.561558e-02
2.283441e+03, 1.578246e-02
2.284087e+03, 1.594971e-02
2.284732e+03, 1.611762e-02
2.285378e+03, 1.628637e-02
2.286023e+03, 1.645619e-02
2.286669e+03, 1.662666e-02
2.287314e+03, 1.679778e-02
2.287960e+03, 1.696953e-02
2.288606e+03, 1.714191e-02
2.289251e+03, 1.731494e-02
2.289897e+03, 1.748861e-02
2.290542e+03, 1.766291e-02
2.291188e+03, 1.783784e-02
2.291833e+03, 1.801298e-02
2.292479e+03, 1.818839e-02
2.293124e+03, 1.836441e-02
2.293770e+03, 1.854127e-02
2.294415e+03, 1.871929e-02
2.295061e+03, 1.889793e-02
2.295707e+03, 1.907716e-02
2.296352e+03, 1.925698e-02
2.296998e+03, 1.943739e-02
2.297643e+03, 1.961841e-02
2.298289e+03, 1.979999e-02
2.298934e+03, 1.998216e-02
2.299580e+03, 2.016492e-02
2.300225e+03, 2.034826e-02
2.300871e+03, 2.053218e-02
2.301517e+03, 2.071668e-02
2.302162e+03, 2.090175e-02
2.302808e+03, 2.108739e-02
2.303453e+03, 2.127360e-02
2.304099e+03, 2.146038e-02
2.304744e+03, 2.164710e-02
2.305390e+03, 2.183433e-02
2.306035e+03, 2.202210e-02
2.306681e+03, 2.221084e-02
2.307326e+03, 2.240036e-02
2.307972e+03, 2.259042e-02
2.308618e+03, 2.278101e-02
2.309263e+03, 2.297213e-02
2.309909e+03, 2.316378e-02
2.310554e+03, 2.335596e-02
2.311200e+03, 2.354871e-02
2.311845e+03, 2.374198e-02
2.312491e+03, 2.393577e-02
2.313136e+03, 2.413006e-02
2.313782e+03, 2.432486e-02
2.314427e+03, 2.452018e-02
2.315073e+03, 2.471599e-02
2.315719e+03, 2.491230e-02
2.316364e+03, 2.510911e-02
2.317010e+03, 2.530643e-02
2.317655e+03, 2.550424e-02
2.318301e+03, 2.570255e-02
2.318946e+03, 2.590135e-02
2.319592e+03, 2.610064e-02
2.320237e+03, 2.630042e-02
2.320883e+03, 2.650068e-02
2.321529e+03, 2.670141e-02
2.322174e+03, 2.690260e-02
2.322820e+03, 2.710427e-02
2.323465e+03, 2.730641e-02
2.324111e+03, 2.750902e-02
2.324756e+03, 2.771209e-02
2.325402e+03, 2.791563e-02
2.326047e+03, 2.811947e-02
2.326693e+03, 2.832370e-02
2.327338e+03, 2.852838e-02
2.327984e+03, 2.873359e-02
2.328630e+03, 2.893936e-02
2.329275e+03, 2.914558e-02
2.329921e+03, 2.935225e-02
2.330566e+03, 2.955935e-02
2.331212e+03, 2.976689e-02
2.331857e+03, 2.997487e-02
2.332503e+03, 3.018326e-02
2.333148e+03, 3.039207e-02
2.333794e+03, 3.060130e-02
2.334439e+03, 3.081114e-02
2.335085e+03, 3.102194e-02
2.335731e+03, 3.123315e-02
2.336376e+03, 3.144478e-02
2.337022e+03, 3.165619e-02
2.337667e+03, 3.186792e-02
2.338313e+03, 3.208006e-02
2.338958e+03, 3.229259e-02
2.339604e+03, 3.250550e-02
2.340249e+03, 3.271881e-02
2.340895e+03, 3.293252e-02
2.341541e+03, 3.314659e-02
2.342186e+03, 3.336105e-02
2.342832e+03, 3.357589e-02
2.343477e+03, 3.379112e-02
2.344123e+03, 3.400673e-02
2.344768e+03, 3.422273e-02
2.345414e+03, 3.443909e-02
2.346059e+03, 3.465584e-02
2.346705e+03, 3.487295e-02
2.347350e+03, 3.509043e-02
2.347996e+03, 3.530893e-02
2.348642e+03, 3.552788e-02
2.349287e+03, 3.574719e-02
2.349933e+03, 3.596648e-02
2.350578e+03, 3.618574e-02
2.351224e+03, 3.640535e-02
2.351869e+03, 3.662531e-02
2.352515e+03, 3.684559e-02
2.353160e+03, 3.706621e-02
2.353806e+03, 3.728718e-02
2.354451e+03, 3.750894e-02
2.355097e+03, 3.773132e-02
2.355743e+03, 3.795404e-02
2.356388e+03, 3.817691e-02
2.357034e+03, 3.839931e-02
2.357679e+03, 3.862203e-02
2.358325e+03, 3.884507e-02
2.358970e+03, 3.906860e-02
2.359616e+03, 3.929250e-02
2.360261e+03, 3.951672e-02
2.360907e+03, 3.974147e-02
2.361553e+03, 3.996705e-02
2.362198e+03, 4.019296e-02
2.362844e+03, 4.041917e-02
2.363489e+03, 4.064506e-02
2.364135e+03, 4.087113e-02
2.364780e+03, 4.109751e-02
2.365426e+03, 4.132417e-02
2.366071e+03, 4.155110e-02
2.366717e+03, 4.177833e-02
2.367362e+03, 4.200585e-02
2.368008e+03, 4.223431e-02
2.368654e+03, 4.246312e-02
2.369299e+03, 4.269222e-02
2.369945e+03, 4.292127e-02
2.370590e+03, 4.315018e-02
2.371236e+03, 4.337937e-02
2.371881e+03, 4.360883e-02
2.372527e+03, 4.383927e-02
2.373172e+03, 4.407002e-02
2.373818e+03, 4.430104e-02
2.374463e+03, 4.453197e-02
2.375109e+03, 4.476273e-02
2.375755e+03, 4.499376e-02
2.376400e+03, 4.522505e-02
2.377046e+03, 4.545730e-02
2.377691e+03, 4.568985e-02
2.378337e+03, 4.592265e-02
2.378982e+03, 4.615535e-02
2.379628e+03, 4.638790e-02
2.380273e+03, 4.662069e-02
2.380919e+03, 4.685372e-02
2.381565e+03, 4.708767e-02
2.382210e+03, 4.732190e-02
2.382856e+03, 4.755637e-02
2.383501e+03, 4.779073e-02
2.384147e+03, 4.802488e-02
2.384792e+03, 4.825926e-02
2.385438e+03, 4.849387e-02
2.386083e+03, 4.872941e-02
2.386729e+03, 4.896524e-02
2.387374e+03, 4.920130e-02
2.388020e+03, 4.943715e-02
2.388666e+03, 4.967254e-02
2.389311e+03, 4.990814e-02
2.389957e+03, 5.014394e-02
2.390602e+03, 5.038087e-02
2.391248e+03, 5.061817e-02
2.391893e+03, 5.085568e-02
2.392539e+03, 5.109338e-02
2.393184e+03, 5.133123e-02
2.393830e+03, 5.156929e-02
2.394475e+03, 5.180754e-02
2.395121e+03, 5.204545e-02
2.395767e+03, 5.228337e-02
2.396412e+03, 5.252148e-02
2.397058e+03, 5.275993e-02
2.397703e+03, 5.299914e-02
2.398349e+03, 5.323853e-02
2.398994e+03, 5.347811e-02
2.399640e+03, 5.371785e-02
2.400285e+03, 5.395776e-02
2.400931e+03, 5.419785e-02
2.401577e+03, 5.443807e-02
2.402222e+03, 5.467776e-02
2.402868e+03, 5.491762e-02
2.403513e+03, 5.515765e-02
2.404159e+03, 5.539820e-02
2.404804e+03, 5.563932e-02
2.405450e+03, 5.588060e-02
2.406095e+03, 5.612204e-02
2.406741e+03, 5.636361e-02
2.407386e+03, 5.660533e-02
2.408032e+03, 5.684722e-02
2.408678e+03, 5.708925e-02
2.409323e+03, 5.733144e-02
2.409969e+03, 5.757378e-02
2.410614e+03, 5.781628e-02
2.411260e+03, 5.805889e-02
2.411905e+03, 5.830164e-02
2.412551e+03, 5.854453e-02
2.413196e+03, 5.878749e-02
2.413842e+03, 5.902992e-02
2.414487e+03, 5.927249e-02
2.415133e+03, 5.951519e-02
2.415779e+03, 5.975839e-02
2.416424e+03, 6.000211e-02
2.417070e+03, 6.024596e-02
2.417715e+03, 6.048993e-02
2.418361e+03, 6.073368e-02
2.419006e+03, 6.097750e-02
2.419652e+03, 6.122145e-02
2.420297e+03, 6.146560e-02
2.420943e+03, 6.171016e-02
2.421589e+03, 6.195483e-02
2.422234e+03, 6.219963e-02
2.422880e+03, 6.244451e-02
2.423525e+03, 6.268950e-02
2.424171e+03, 6.293460e-02
2.424816e+03, 6.317981e-02
2.425462e+03, 6.342512e-02
2.426107e+03, 6.367055e-02
2.426753e+03, 6.391607e-02
2.427398e+03, 6.416169e-02
2.428044e+03, 6.440739e-02
2.428690e+03, 6.465319e-02
2.429335e+03, 6.489909e-02
2.429981e+03, 6.514506e-02
2.430626e+03, 6.539112e-02
2.431272e+03, 6.563727e-02
2.431917e+03, 6.588351e-02
2.432563e+03, 6.612987e-02
2.433208e+03, 6.637631e-02
2.433854e+03, 6.662285e-02
2.434499e+03, 6.686945e-02
2.435145e+03, 6.711609e-02
2.435791e+03, 6.736281e-02
2.436436e+03, 6.760961e-02
2.437082e+03, 6.785651e-02
2.437727e+03, 6.810350e-02
2.438373e+03, 6.835056e-02
2.439018e+03, 6.859770e-02
2.439664e+03, 6.884485e-02
2.440309e+03, 6.909206e-02
2.440955e+03, 6.933935e-02
2.441601e+03, 6.958671e-02
2.442246e+03, 6.983416e-02
2.442892e+03, 7.008168e-02
2.443537e+03, 7.032925e-02
2.444183e+03, 7.057687e-02
2.444828e+03, 7.082454e-02
2.445474e+03, 7.107227e-02
2.446119e+03, 7.132005e-02
2.446765e+03, 7.156786e-02
2.447410e+03, 7.181572e-02
2.448056e+03, 7.206363e-02
2.448702e+03, 7.231166e-02
2.449347e+03, 7.256002e-02
2.449993e+03, 7.280842e-02
2.450638e+03, 7.305687e-02
2.451284e+03, 7.330518e-02
2.451929e+03, 7.355335e-02
2.452575e+03, 7.380155e-02
2.453220e+03, 7.404980e-02
2.453866e+03, 7.429808e-02
2.454512e+03, 7.454640e-02
2.455157e+03, 7.479476e-02
2.455803e+03, 7.504316e-02
2.456448e+03, 7.529159e-02
2.457094e+03, 7.554005e-02
2.457739e+03, 7.578854e-02
2.458385e+03, 7.603705e-02
2.459030e+03, 7.628557e-02
2.459676e+03, 7.653412e-02
2.460321e+03, 7.678269e-02
2.460967e+03, 7.703166e-02
2.461613e+03, 7.728099e-02
2.462258e+03, 7.753035e-02
2.462904e+03, 7.777972e-02
2.463549e+03, 7.802854e-02
2.464195e+03, 7.827720e-02
2.464840e+03, 7.852589e-02
2.465486e+03, 7.877459e-02
2.466131e+03, 7.902327e-02
2.466777e+03, 7.927196e-02
2.467422e+03, 7.952067e-02
2.468068e+03, 7.976955e-02
2.468714e+03, 8.001898e-02
2.469359e+03, 8.026841e-02
2.470005e+03, 8.051785e-02
2.470650e+03, 8.076698e-02
2.471296e+03, 8.101573e-02
2.471941e+03, 8.126447e-02
2.472587e+03, 8.151322e-02
2.473232e+03, 8.176242e-02
2.473878e+03, 8.201183e-02
2.474524e+03, 8.226125e-02
2.475169e+03, 8.251065e-02
2.475815e+03, 8.275944e-02
2.476460e+03, 8.300814e-02
2.477106e+03, 8.325683e-02
2.477751e+03, 8.350548e-02
2.478397e+03, 8.375371e-02
2.479042e+03, 8.400192e-02
2.479688e+03, 8.425013e-02
2.480333e+03, 8.449861e-02
2.480979e+03, 8.474789e-02
2.481625e+03, 8.499716e-02
2.482270e+03, 8.524640e-02
2.482916e+03, 8.549530e-02
2.483561e+03, 8.574379e-02
2.484207e+03, 8.599226e-02
2.484852e+03, 8.624070e-02
2.485498e+03, 8.648956e-02
2.486143e+03, 8.673865e-02
2.486789e+03, 8.698771e-02
2.487434e+03, 8.723674e-02
2.488080e+03, 8.748517e-02
2.488726e+03, 8.773343e-02
2.489371e+03, 8.798167e-02
2.490017e+03, 8.822987e-02
2.490662e+03, 8.847870e-02
2.491308e+03, 8.872752e-02
2.491953e+03, 8.897631e-02
2.492599e+03, 8.922506e-02
2.493244e+03, 8.947374e-02
2.493890e+03, 8.972239e-02
2.494536e+03, 8.997099e-02
2.495181e+03, 9.021938e-02
2.495827e+03, 9.046723e-02
2.496472e+03, 9.071504e-02
2.497118e+03, 9.096281e-02
2.497763e+03, 9.121080e-02
2.498409e+03, 9.145912e-02
2.499054e+03, 9.170740e-02
2.499700e+03, 9.195563e-02
2.500345e+03, 9.220382e-02
2.500991e+03, 9.245195e-02
2.501637e+03, 9.270003e-02
2.502282e+03, 9.294807e-02
2.502928e+03, 9.319559e-02
2.503573e+03, 9.344282e-02
2.504219e+03, 9.369000e-02
2.504864e+03, 9.393713e-02
2.505510e+03, 9.418437e-02
2.506155e+03, 9.443161e-02
2.506801e+03, 9.467879e-02
2.507446e+03, 9.492591e-02
2.508092e+03, 9.517333e-02
2.508738e+03, 9.542074e-02
2.509383e+03, 9.566808e-02
2.510029e+03, 9.591537e-02
2.510674e+03, 9.616259e-02
2.511320e+03, 9.640974e-02
2.511965e+03, 9.665683e-02
2.512611e+03, 9.690380e-02
2.513256e+03, 9.715008e-02
2.513902e+03, 9.739629e-02
2.514548e+03, 9.764243e-02
2.515193e+03, 9.788861e-02
2.515839e+03, 9.813526e-02
2.516484e+03, 9.838184e-02
2.517130e+03, 9.862834e-02
2.517775e+03, 9.887477e-02
2.518421e+03, 9.912110e-02
2.519066e+03, 9.936736e-02
2.519712e+03, 9.961354e-02
2.520357e+03, 9.985964e-02
2.521003e+03, 1.001057e-01
2.521649e+03, 1.003516e-01
2.522294e+03, 1.005975e-01
2.522940e+03, 1.008432e-01
2.523585e+03, 1.010889e-01
2.524231e+03, 1.013345e-01
2.524876e+03, 1.015800e-01
2.525522e+03, 1.018254e-01
2.526167e+03, 1.020708e-01
2.526813e+03, 1.023160e-01
2.527458e+03, 1.025611e-01
2.528104e+03, 1.028062e-01
2.528750e+03, 1.030512e-01
2.529395e+03, 1.032961e-01
2.530041e+03, 1.035409e-01
2.530686e+03, 1.037856e-01
2.531332e+03, 1.040302e-01
2.531977e+03, 1.042747e-01
2.532623e+03, 1.045191e-01
2.533268e+03, 1.047632e-01
2.533914e+03, 1.050069e-01
2.534560e+03, 1.052506e-01
2.535205e+03, 1.054941e-01
2.535851e+03, 1.057378e-01
2.536496e+03, 1.059816e-01
2.537142e+03, 1.062254e-01
2.537787e+03, 1.064690e-01
2.538433e+03, 1.067125e-01
2.539078e+03, 1.069559e-01
2.539724e+03, 1.071992e-01
2.540369e+03, 1.074424e-01
2.541015e+03, 1.076855e-01
2.541661e+03, 1.079285e-01
2.542306e+03, 1.081714e-01
2.542952e+03, 1.084142e-01
2.543597e+03, 1.086568e-01
2.544243e+03, 1.088994e-01
2.544888e+03, 1.091418e-01
2.545534e+03, 1.093841e-01
2.546179e+03, 1.096263e-01
2.546825e+03, 1.098684e-01
2.547470e+03, 1.101104e-01
2.548116e+03, 1.103523e-01
2.548762e+03, 1.105944e-01
2.549407e+03, 1.108366e-01
2.550053e+03, 1.110787e-01
2.550698e+03, 1.113208e-01
2.551344e+03, 1.115624e-01
2.551989e+03, 1.118035e-01
2.552635e+03, 1.120446e-01
2.553280e+03, 1.122855e-01
2.553926e+03, 1.125263e-01
2.554572e+03, 1.127670e-01
2.555217e+03, 1.130076e-01
2.555863e+03, 1.132481e-01
2.556508e+03, 1.134884e-01
2.557154e+03, 1.137287e-01
2.557799e+03, 1.139688e-01
2.558445e+03, 1.142088e-01
2.559090e+03, 1.144487e-01
2.559736e+03, 1.146885e-01
2.560381e+03, 1.149282e-01
2.561027e+03, 1.151677e-01
2.561673e+03, 1.154071e-01
2.562318e+03, 1.156463e-01
2.562964e+03, 1.158854e-01
2.563609e+03, 1.161244e-01
2.564255e+03, 1.163633e-01
2.564900e+03, 1.166019e-01
2.565546e+03, 1.168405e-01
2.566191e+03, 1.170789e-01
2.566837e+03, 1.173173e-01
2.567482e+03, 1.175560e-01
2.568128e+03, 1.177947e-01
2.568774e+03, 1.180332e-01
2.569419e+03, 1.182715e-01
2.570065e+03, 1.185091e-01
2.570710e+03, 1.187466e-01
2.571356e+03, 1.189839e-01
2.572001e+03, 1.192212e-01
2.572647e+03, 1.194588e-01
2.573292e+03, 1.196963e-01
2.573938e+03, 1.199337e-01
2.574584e+03, 1.201709e-01
2.575229e+03, 1.204076e-01
2.575875e+03, 1.206440e-01
2.576520e+03, 1.208802e-01
2.577166e+03, 1.211164e-01
2.577811e+03, 1.213528e-01
2.578457e+03, 1.215892e-01
2.579102e+03, 1.218254e-01
2.579748e+03, 1.220615e-01
2.580393e+03, 1.222972e-01
2.581039e+03, 1.225324e-01
2.581685e+03, 1.227676e-01
2.582330e+03, 1.230026e-01
2.582976e+03, 1.232377e-01
2.583621e+03, 1.234729e-01
2.584267e+03, 1.237080e-01
2.584912e+03, 1.239429e-01
2.585558e+03, 1.241773e-01
2.586203e+03, 1.244109e-01
2.586849e+03, 1.246444e-01
2.587494e+03, 1.248777e-01
2.588140e+03, 1.251111e-01
2.588786e+03, 1.253452e-01
2.589431e+03, 1.255791e-01
2.590077e+03, 1.258128e-01
2.590722e+03, 1.260464e-01
2.591368e+03, 1.262799e-01
2.592013e+03, 1.265132e-01
2.592659e+03, 1.267463e-01
2.593304e+03, 1.269793e-01
2.593950e+03, 1.272116e-01
2.594596e+03, 1.274438e-01
2.595241e+03, 1.276758e-01
2.595887e+03, 1.279076e-01
2.596532e+03, 1.281397e-01
2.597178e+03, 1.283717e-01
2.597823e+03, 1.286036e-01
2.598469e+03, 1.288354e-01
2.599114e+03, 1.290670e-01
2.599760e+03, 1.292984e-01
2.600405e+03, 1.295296e-01
2.601051e+03, 1.297607e-01
2.601697e+03, 1.299915e-01
2.602342e+03, 1.302218e-01
2.602988e+03, 1.304519e-01
2.603633e+03, 1.306818e-01
2.604279e+03, 1.309117e-01
2.604924e+03, 1.311419e-01
2.605570e+03, 1.313719e-01
2.606215e+03, 1.316017e-01
2.606861e+03, 1.318314e-01
2.607507e+03, 1.320609e-01
2.608152e+03, 1.322903e-01
2.608798e+03, 1.325195e-01
2.609443e+03, 1.327485e-01
2.610089e+03, 1.329770e-01
2.610734e+03, 1.332052e-01
2.611380e+03, 1.334332e-01
2.612025e+03, 1.336610e-01
2.612671e+03, 1.338890e-01
2.613316e+03, 1.341170e-01
2.613962e+03, 1.343449e-01
2.614608e+03, 1.345726e-01
2.615253e+03, 1.348001e-01
2.615899e+03, 1.350275e-01
2.616544e+03, 1.352547e-01
2.617190e+03, 1.354817e-01
2.617835e+03, 1.357086e-01
2.618481e+03, 1.359352e-01
2.619126e+03, 1.361617e-01
2.619772e+03, 1.363881e-01
2.620417e+03, 1.366143e-01
2.621063e+03, 1.368403e-01
2.621709e+03, 1.370661e-01
2.622354e+03, 1.372918e-01
2.623000e+03, 1.375174e-01
2.623645e+03, 1.377427e-01
2.624291e+03, 1.379679e-01
2.624936e+03, 1.381928e-01
2.625582e+03, 1.384177e-01
2.626227e+03, 1.386423e-01
2.626873e+03, 1.388668e-01
2.627519e+03, 1.390911e-01
2.628164e+03, 1.393152e-01
2.628810e+03, 1.395392e-01
2.629455e+03, 1.397630e-01
2.630101e+03, 1.399866e-01
2.630746e+03, 1.402100e-01
2.631392e+03, 1.404333e-01
2.632037e+03, 1.406563e-01
2.632683e+03, 1.408793e-01
2.633328e+03, 1.411020e-01
2.633974e+03, 1.413246e-01
2.634620e+03, 1.415467e-01
2.635265e+03, 1.417684e-01
2.635911e+03, 1.419900e-01
2.636556e+03, 1.422113e-01
2.637202e+03, 1.424325e-01
2.637847e+03, 1.426540e-01
2.638493e+03, 1.428753e-01
2.639138e+03, 1.430965e-01
2.639784e+03, 1.433174e-01
2.640429e+03, 1.435386e-01
2.641075e+03, 1.437596e-01
2.641721e+03, 1.439805e-01
2.642366e+03, 1.442012e-01
2.643012e+03, 1.444216e-01
2.643657e+03, 1.446415e-01
2.644303e+03, 1.448612e-01
2.644948e+03, 1.450808e-01
2.645594e+03, 1.453001e-01
2.646239e+03, 1.455193e-01
2.646885e+03, 1.457383e-01
2.647531e+03, 1.459571e-01
2.648176e+03, 1.461757e-01
2.648822e+03, 1.463945e-01
2.649467e+03, 1.466132e-01
2.650113e+03, 1.468318e-01
2.650758e+03, 1.470501e-01
2.651404e+03, 1.472681e-01
2.652049e+03, 1.474856e-01
2.652695e+03, 1.477030e-01
2.653340e+03, 1.479202e-01
2.653986e+03, 1.481371e-01
2.654632e+03, 1.483540e-01
2.655277e+03, 1.485706e-01
2.655923e+03, 1.487870e-01
2.656568e+03, 1.490033e-01
2.657214e+03, 1.492197e-01
2.657859e+03, 1.494360e-01
2.658505e+03, 1.496522e-01
2.659150e+03, 1.498681e-01
2.659796e+03, 1.500836e-01
2.660441e+03, 1.502982e-01
2.661087e+03, 1.505126e-01
2.661733e+03, 1.507269e-01
2.662378e+03, 1.509410e-01
2.663024e+03, 1.511557e-01
2.663669e+03, 1.513704e-01
2.664315e+03, 1.515848e-01
2.664960e+03, 1.517991e-01
2.665606e+03, 1.520130e-01
2.666251e+03, 1.522264e-01
2.666897e+03, 1.524397e-01
2.667543e+03, 1.526529e-01
2.668188e+03, 1.528658e-01
2.668834e+03, 1.530790e-01
2.669479e+03, 1.532920e-01
2.670125e+03, 1.535047e-01
2.670770e+03, 1.537173e-01
2.671416e+03, 1.539294e-01
2.672061e+03, 1.541412e-01
2.672707e+03, 1.543528e-01
2.673352e+03, 1.545642e-01
2.673998e+03, 1.547755e-01
2.674644e+03, 1.549870e-01
2.675289e+03, 1.551982e-01
2.675935e+03, 1.554093e-01
2.676580e+03, 1.556202e-01
2.677226e+03, 1.558309e-01
2.677871e+03, 1.560414e-01
2.678517e+03, 1.562517e-01
2.679162e+03, 1.564618e-01
2.679808e+03, 1.566715e-01
2.680453e+03, 1.568809e-01
2.681099e+03, 1.570900e-01
2.681745e+03, 1.572990e-01
2.682390e+03, 1.575078e-01
2.683036e+03, 1.577162e-01
2.683681e+03, 1.579245e-01
2.684327e+03, 1.581325e-01
2.684972e+03, 1.583404e-01
2.685618e+03, 1.585483e-01
2.686263e+03, 1.587563e-01
2.686909e+03, 1.589641e-01
2.687555e+03, 1.591718e-01
2.688200e+03, 1.593792e-01
2.688846e+03, 1.595864e-01
2.689491e+03, 1.597934e-01
2.690137e+03, 1.600003e-01
2.690782e+03, 1.602069e-01
2.691428e+03, 1.604132e-01
2.692073e+03, 1.606191e-01
2.692719e+03, 1.608248e-01
2.693364e+03, 1.610303e-01
2.694010e+03, 1.612356e-01
2.694656e+03, 1.614411e-01
2.695301e+03, 1.616464e-01
2.695947e+03, 1.618516e-01
2.696592e+03, 1.620565e-01
2.697238e+03, 1.622612e-01
2.697883e+03, 1.624657e-01
2.698529e+03, 1.626701e-01
2.699174e+03, 1.628742e-01
2.699820e+03, 1.630782e-01
2.700465e+03, 1.632819e-01
2.701111e+03, 1.634855e-01
2.701757e+03, 1.636889e-01
2.702402e+03, 1.638920e-01
2.703048e+03, 1.640950e-01
2.703693e+03, 1.642978e-01
2.704339e+03, 1.645003e-01
2.704984e+03, 1.647027e-01
2.705630e+03, 1.649049e-01
2.706275e+03, 1.651064e-01
2.706921e+03, 1.653077e-01
2.707567e+03, 1.655088e-01
2.708212e+03, 1.657097e-01
2.708858e+03, 1.659106e-01
2.709503e+03, 1.661116e-01
2.710149e+03, 1.663124e-01
2.710794e+03, 1.665131e-01
2.711440e+03, 1.667135e-01
2.712085e+03, 1.669137e-01
2.712731e+03, 1.671138e-01
2.713376e+03, 1.673136e-01
2.714022e+03, 1.675133e-01
2.714668e+03, 1.677128e-01
2.715313e+03, 1.679120e-01
2.715959e+03, 1.681111e-01
2.716604e+03, 1.683100e-01
2.717250e+03, 1.685086e-01
2.717895e+03, 1.687074e-01
2.718541e+03, 1.689060e-01
2.719186e+03, 1.691044e-01
2.719832e+03, 1.693026e-01
2.720477e+03, 1.695006e-01
2.721123e+03, 1.696981e-01
2.721769e+03, 1.698954e-01
2.722414e+03, 1.700925e-01
2.723060e+03, 1.702894e-01
2.723705e+03, 1.704861e-01
2.724351e+03, 1.706826e-01
2.724996e+03, 1.708790e-01
2.725642e+03, 1.710751e-01
2.726287e+03, 1.712710e-01
2.726933e+03, 1.714667e-01
2.727579e+03, 1.716622e-01
2.728224e+03, 1.718576e-01
2.728870e+03, 1.720527e-01
2.729515e+03, 1.722475e-01
2.730161e+03, 1.724421e-01
2.730806e+03, 1.726364e-01
2.731452e+03, 1.728306e-01
2.732097e+03, 1.730245e-01
2.732743e+03, 1.732184e-01
2.733388e+03, 1.734122e-01
2.734034e+03, 1.736057e-01
2.734680e+03, 1.737991e-01
2.735325e+03, 1.739923e-01
2.735971e+03, 1.741852e-01
2.736616e+03, 1.743780e-01
2.737262e+03, 1.745706e-01
2.737907e+03, 1.747629e-01
2.738553e+03, 1.749553e-01
2.739198e+03, 1.751476e-01
2.739844e+03, 1.753397e-01
2.740489e+03, 1.755316e-01
2.741135e+03, 1.757233e-01
2.741781e+03, 1.759145e-01
2.742426e+03, 1.761055e-01
2.743072e+03, 1.762963e-01
2.743717e+03, 1.764869e-01
2.744363e+03, 1.766773e-01
2.745008e+03, 1.768679e-01
2.745654e+03, 1.770582e-01
2.746299e+03, 1.772483e-01
2.746945e+03, 1.774382e-01
2.747591e+03, 1.776278e-01
2.748236e+03, 1.778170e-01
2.748882e+03, 1.780060e-01
2.749527e+03, 1.781948e-01
2.750173e+03, 1.783834e-01
2.750818e+03, 1.785717e-01
2.751464e+03, 1.787597e-01
2.752109e+03, 1.789475e-01
2.752755e+03, 1.791351e-01
2.753400e+03, 1.793226e-01
2.754046e+03, 1.795100e-01
2.754692e+03, 1.796972e-01
2.755337e+03, 1.798843e-01
2.755983e+03, 1.800711e-01
2.756628e+03, 1.802579e-01
2.757274e+03, 1.804447e-01
2.757919e+03, 1.806312e-01
2.758565e+03, 1.808176e-01
2.759210e+03, 1.810037e-01
2.759856e+03, 1.811897e-01
2.760502e+03, 1.813754e-01
2.761147e+03, 1.815610e-01
2.761793e+03, 1.817463e-01
2.762438e+03, 1.819315e-01
2.763084e+03, 1.821164e-01
2.763729e+03, 1.823012e-01
2.764375e+03, 1.824858e-01
2.765020e+03, 1.826701e-01
2.765666e+03, 1.828542e-01
2.766311e+03, 1.830379e-01
2.766957e+03, 1.832214e-01
2.767603e+03, 1.834047e-01
2.768248e+03, 1.835878e-01
2.768894e+03, 1.837709e-01
2.769539e+03, 1.839539e-01
2.770185e+03, 1.841367e-01
2.770830e+03, 1.843192e-01
2.771476e+03, 1.845016e-01
2.772121e+03, 1.846834e-01
2.772767e+03, 1.848649e-01
2.773412e+03, 1.850462e-01
2.774058e+03, 1.852273e-01
2.774704e+03, 1.854082e-01
2.775349e+03, 1.855894e-01
2.775995e+03, 1.857704e-01
2.776640e+03, 1.859512e-01
2.777286e+03, 1.861318e-01
2.777931e+03, 1.863122e-01
2.778577e+03, 1.864924e-01
2.779222e+03, 1.866724e-01
2.779868e+03, 1.868523e-01
2.780514e+03, 1.870319e-01
2.781159e+03, 1.872113e-01
2.781805e+03, 1.873906e-01
2.782450e+03, 1.875696e-01
2.783096e+03, 1.877485e-01
2.783741e+03, 1.879271e-01
2.784387e+03, 1.881056e-01
2.785032e+03, 1.882838e-01
2.785678e+03, 1.884618e-01
2.786323e+03, 1.886397e-01
2.786969e+03, 1.888174e-01
2.787615e+03, 1.889948e-01
2.788260e+03, 1.891721e-01
2.788906e+03, 1.893492e-01
2.789551e+03, 1.895260e-01
2.790197e+03, 1.897027e-01
2.790842e+03, 1.898792e-01
2.791488e+03, 1.900555e-01
2.792133e+03, 1.902316e-01
2.792779e+03, 1.904075e-01
2.793424e+03, 1.905831e-01
2.794070e+03, 1.907580e-01
2.794716e+03, 1.909328e-01
2.795361e+03, 1.911074e-01
2.796007e+03, 1.912818e-01
2.796652e+03, 1.914562e-01
2.797298e+03, 1.916307e-01
2.797943e+03, 1.918051e-01
2.798589e+03, 1.919792e-01
2.799234e+03, 1.921532e-01
2.799880e+03, 1.923270e-01
2.800526e+03, 1.925008e-01
2.801171e+03, 1.926744e-01
2.801817e+03, 1.928478e-01
2.802462e+03, 1.930210e-01
2.803108e+03, 1.931938e-01
2.803753e+03, 1.933664e-01
2.804399e+03, 1.935387e-01
2.805044e+03, 1.937109e-01
2.805690e+03, 1.938829e-01
2.806335e+03, 1.940547e-01
2.806981e+03, 1.942263e-01
2.807627e+03, 1.943977e-01
2.808272e+03, 1.945689e-01
2.808918e+03, 1.947399e-01
2.809563e+03, 1.949110e-01
2.810209e+03, 1.950818e-01
2.810854e+03, 1.952525e-01
2.811500e+03, 1.954229e-01
2.812145e+03, 1.955932e-01
2.812791e+03, 1.957630e-01
2.813436e+03, 1.959327e-01
2.814082e+03, 1.961021e-01
2.814728e+03, 1.962714e-01
2.815373e+03, 1.964404e-01
2.816019e+03, 1.966090e-01
2.816664e+03, 1.967774e-01
2.817310e+03, 1.969456e-01
2.817955e+03, 1.971136e-01
2.818601e+03, 1.972815e-01
2.819246e+03, 1.974494e-01
2.819892e+03, 1.976171e-01
2.820538e+03, 1.977846e-01
2.821183e+03, 1.979519e-01
2.821829e+03, 1.981191e-01
2.822474e+03, 1.982863e-01
2.823120e+03, 1.984533e-01
2.823765e+03, 1.986200e-01
2.824411e+03, 1.987866e-01
2.825056e+03, 1.989529e-01
2.825702e+03, 1.991189e-01
2.826347e+03, 1.992847e-01
2.826993e+03, 1.994503e-01
2.827639e+03, 1.996157e-01
2.828284e+03, 1.997810e-01
2.828930e+03, 1.999463e-01
2.829575e+03, 2.001113e-01
2.830221e+03, 2.002761e-01
2.830866e+03, 2.004408e-01
2.831512e+03, 2.006051e-01
2.832157e+03, 2.007692e-01
2.832803e+03, 2.009331e-01
2.833448e+03, 2.010968e-01
2.834094e+03, 2.012603e-01
2.834740e+03, 2.014234e-01
2.835385e+03, 2.015862e-01
2.836031e+03, 2.017488e-01
2.836676e+03, 2.019112e-01
2.837322e+03, 2.020735e-01
2.837967e+03, 2.022357e-01
2.838613e+03, 2.023981e-01
2.839258e+03, 2.025602e-01
2.839904e+03, 2.027222e-01
2.840550e+03, 2.028840e-01
2.841195e+03, 2.030455e-01
2.841841e+03, 2.032069e-01
2.842486e+03, 2.033681e-01
2.843132e+03, 2.035291e-01
2.843777e+03, 2.036900e-01
2.844423e+03, 2.038506e-01
2.845068e+03, 2.040110e-01
2.845714e+03, 2.041713e-01
2.846359e+03, 2.043314e-01
2.847005e+03, 2.044912e-01
2.847651e+03, 2.046508e-01
2.848296e+03, 2.048101e-01
2.848942e+03, 2.049693e-01
2.849587e+03, 2.051282e-01
2.850233e+03, 2.052870e-01
2.850878e+03, 2.054456e-01
2.851524e+03, 2.056041e-01
2.852169e+03, 2.057625e-01
2.852815e+03, 2.059207e-01
2.853460e+03, 2.060786e-01
2.854106e+03, 2.062363e-01
2.854752e+03, 2.063933e-01
2.855397e+03, 2.065502e-01
2.856043e+03, 2.067070e-01
2.856688e+03, 2.068635e-01
2.857334e+03, 2.070200e-01
2.857979e+03, 2.071766e-01
2.858625e+03, 2.073331e-01
2.859270e+03, 2.074894e-01
2.859916e+03, 2.076455e-01
2.860562e+03, 2.078014e-01
2.861207e+03, 2.079573e-01
2.861853e+03, 2.081130e-01
2.862498e+03, 2.082685e-01
2.863144e+03, 2.084238e-01
2.863789e+03, 2.085789e-01
2.864435e+03, 2.087337e-01
2.865080e+03, 2.088883e-01
2.865726e+03, 2.090427e-01
2.866371e+03, 2.091970e-01
2.867017e+03, 2.093510e-01
2.867663e+03, 2.095048e-01
2.868308e+03, 2.096585e-01
2.868954e+03, 2.098120e-01
2.869599e+03, 2.099653e-01
2.870245e+03, 2.101184e-01
2.870890e+03, 2.102713e-01
2.871536e+03, 2.104240e-01
2.872181e+03, 2.105766e-01
2.872827e+03, 2.107289e-01
2.873472e+03, 2.108811e-01
2.874118e+03, 2.110327e-01
2.874764e+03, 2.111840e-01
2.875409e+03, 2.113351e-01
2.876055e+03, 2.114860e-01
2.876700e+03, 2.116368e-01
2.877346e+03, 2.117878e-01
2.877991e+03, 2.119388e-01
2.878637e+03, 2.120897e-01
2.879282e+03, 2.122403e-01
2.879928e+03, 2.123908e-01
2.880574e+03, 2.125410e-01
2.881219e+03, 2.126910e-01
2.881865e+03, 2.128407e-01
2.882510e+03, 2.129903e-01
2.883156e+03, 2.131397e-01
2.883801e+03, 2.132890e-01
2.884447e+03, 2.134380e-01
2.885092e+03, 2.135869e-01
2.885738e+03, 2.137355e-01
2.886383e+03, 2.138840e-01
2.887029e+03, 2.140324e-01
2.887675e+03, 2.141807e-01
2.888320e+03, 2.143287e-01
2.888966e+03, 2.144766e-01
2.889611e+03, 2.146244e-01
2.890257e+03, 2.147719e-01
2.890902e+03, 2.149191e-01
2.891548e+03, 2.150661e-01
2.892193e+03, 2.152130e-01
2.892839e+03, 2.153596e-01
2.893484e+03, 2.155061e-01
2.894130e+03, 2.156521e-01
2.894776e+03, 2.157978e-01
2.895421e+03, 2.159434e-01
2.896067e+03, 2.160888e-01
2.896712e+03, 2.162340e-01
2.897358e+03, 2.163794e-01
2.898003e+03, 2.165247e-01
2.898649e+03, 2.166699e-01
2.899294e+03, 2.168149e-01
2.899940e+03, 2.169597e-01
2.900586e+03, 2.171042e-01
2.901231e+03, 2.172486e-01
2.901877e+03, 2.173927e-01
2.902522e+03, 2.175367e-01
2.903168e+03, 2.176804e-01
2.903813e+03, 2.178241e-01
2.904459e+03, 2.179676e-01
2.905104e+03, 2.181110e-01
2.905750e+03, 2.182541e-01
2.906395e+03, 2.183971e-01
2.907041e+03, 2.185400e-01
2.907687e+03, 2.186826e-01
2.908332e+03, 2.188251e-01
2.908978e+03, 2.189673e-01
2.909623e+03, 2.191094e-01
2.910269e+03, 2.192514e-01
2.910914e+03, 2.193931e-01
2.911560e+03, 2.195347e-01
2.912205e+03, 2.196761e-01
2.912851e+03, 2.198173e-01
2.913496e+03, 2.199583e-01
2.914142e+03, 2.200988e-01
2.914788e+03, 2.202388e-01
2.915433e+03, 2.203787e-01
2.916079e+03, 2.205184e-01
2.916724e+03, 2.206580e-01
2.917370e+03, 2.207975e-01
2.918015e+03, 2.209373e-01
2.918661e+03, 2.210769e-01
2.919306e+03, 2.212164e-01
2.919952e+03, 2.213556e-01
2.920598e+03, 2.214947e-01
2.921243e+03, 2.216336e-01
2.921889e+03, 2.217723e-01
2.922534e+03, 2.219109e-01
2.923180e+03, 2.220492e-01
2.923825e+03, 2.221874e-01
2.924471e+03, 2.223254e-01
2.925116e+03, 2.224633e-01
2.925762e+03, 2.226010e-01
2.926407e+03, 2.227385e-01
2.927053e+03, 2.228758e-01
2.927699e+03, 2.230129e-01
2.928344e+03, 2.231499e-01
2.928990e+03, 2.232867e-01
2.929635e+03, 2.234233e-01
2.930281e+03, 2.235597e-01
2.930926e+03, 2.236960e-01
2.931572e+03, 2.238322e-01
2.932217e+03, 2.239682e-01
2.932863e+03, 2.241040e-01
2.933509e+03, 2.242397e-01
2.934154e+03, 2.243752e-01
2.934800e+03, 2.245100e-01
2.935445e+03, 2.246445e-01
2.936091e+03, 2.247789e-01
2.936736e+03, 2.249131e-01
2.937382e+03, 2.250471e-01
2.938027e+03, 2.251812e-01
2.938673e+03, 2.253154e-01
2.939318e+03, 2.254494e-01
2.939964e+03, 2.255832e-01
2.940610e+03, 2.257169e-01
2.941255e+03, 2.258504e-01
2.941901e+03, 2.259837e-01
2.942546e+03, 2.261168e-01
2.943192e+03, 2.262498e-01
2.943837e+03, 2.263826e-01
2.944483e+03, 2.265153e-01
2.945128e+03, 2.266478e-01
2.945774e+03, 2.267801e-01
2.946419e+03, 2.269123e-01
2.947065e+03, 2.270443e-01
2.947711e+03, 2.271762e-01
2.948356e+03, 2.273078e-01
2.949002e+03, 2.274393e-01
2.949647e+03, 2.275705e-01
2.950293e+03, 2.277016e-01
2.950938e+03, 2.278325e-01
2.951584e+03, 2.279633e-01
2.952229e+03, 2.280934e-01
2.952875e+03, 2.282233e-01
2.953521e+03, 2.283530e-01
2.954166e+03, 2.284826e-01
2.954812e+03, 2.286120e-01
2.955457e+03, 2.287416e-01
2.956103e+03, 2.288712e-01
2.956748e+03, 2.290006e-01
2.957394e+03, 2.291299e-01
2.958039e+03, 2.292590e-01
2.958685e+03, 2.293880e-01
2.959330e+03, 2.295167e-01
2.959976e+03, 2.296452e-01
2.960622e+03, 2.297736e-01
2.961267e+03, 2.299018e-01
2.961913e+03, 2.300299e-01
2.962558e+03, 2.301578e-01
2.963204e+03, 2.302856e-01
2.963849e+03, 2.304132e-01
2.964495e+03, 2.305406e-01
2.965140e+03, 2.306679e-01
2.965786e+03, 2.307950e-01
2.966431e+03, 2.309219e-01
2.967077e+03, 2.310486e-01
2.967723e+03, 2.311752e-01
2.968368e+03, 2.313017e-01
2.969014e+03, 2.314279e-01
2.969659e+03, 2.315536e-01
2.970305e+03, 2.316789e-01
2.970950e+03, 2.318042e-01
2.971596e+03, 2.319292e-01
2.972241e+03, 2.320541e-01
2.972887e+03, 2.321790e-01
2.973533e+03, 2.323041e-01
2.974178e+03, 2.324290e-01
2.974824e+03, 2.325538e-01
2.975469e+03, 2.326784e-01
2.976115e+03, 2.328028e-01
2.976760e+03, 2.329271e-01
2.977406e+03, 2.330512e-01
2.978051e+03, 2.331751e-01
2.978697e+03, 2.332989e-01
2.979342e+03, 2.334225e-01
2.979988e+03, 2.335459e-01
2.980634e+03, 2.336692e-01
2.981279e+03, 2.337923e-01
2.981925e+03, 2.339153e-01
2.982570e+03, 2.340380e-01
2.983216e+03, 2.341607e-01
2.983861e+03, 2.342831e-01
2.984507e+03, 2.344054e-01
2.985152e+03, 2.345275e-01
2.985798e+03, 2.346495e-01
2.986443e+03, 2.347713e-01
2.987089e+03, 2.348928e-01
2.987735e+03, 2.350138e-01
2.988380e+03, 2.351346e-01
2.989026e+03, 2.352553e-01
2.989671e+03, 2.353758e-01
2.990317e+03, 2.354961e-01
2.990962e+03, 2.356167e-01
2.991608e+03, 2.357372e-01
2.992253e+03, 2.358575e-01
2.992899e+03, 2.359777e-01
2.993545e+03, 2.360977e-01
2.994190e+03, 2.362176e-01
2.994836e+03, 2.363373e-01
2.995481e+03, 2.364568e-01
2.996127e+03, 2.365762e-01
2.996772e+03, 2.366954e-01
2.997418e+03, 2.368144e-01
2.998063e+03, 2.369333e-01
2.998709e+03, 2.370520e-01
2.999354e+03, 2.371706e-01
3.000000e+03, 2.372890e-01
