wl,n,k
0.4,1.4149100,1.400000E-06
0.41,1.4140300,1.380000E-06
0.42,1.4130000,1.380000E-06
0.43,1.4117900,1.400000E-06
0.44,1.4111300,1.400000E-06
0.45,1.4103300,1.410000E-06
0.46,1.4094300,1.420000E-06
0.47,1.4086600,1.430000E-06
0.48,1.4080200,1.430000E-06
0.49,1.4073300,1.460000E-06
0.5,1.4067500,1.460000E-06
0.51,1.4061400,1.470000E-06
0.52,1.4055700,1.480000E-06
0.53,1.4051300,1.480000E-06
0.54,1.4043000,1.490000E-06
0.55,1.4042000,1.510000E-06
0.56,1.4037500,1.500000E-06
0.57,1.4033800,1.530000E-06
0.58,1.4029200,1.550000E-06
0.59,1.4025900,1.540000E-06
0.6,1.4020200,1.570000E-06
0.61,1.4015800,1.570000E-06
0.62,1.4013900,1.570000E-06
0.63,1.4012100,1.580000E-06
0.64,1.4005900,1.580000E-06
0.65,1.4004700,1.590000E-06
0.66,1.4002200,1.580000E-06
0.67,1.4000600,1.590000E-06
0.68,1.3998400,1.600000E-06
0.69,1.3995800,1.600000E-06
0.7,1.3990700,1.610000E-06
0.71,1.3990500,1.620000E-06
0.72,1.3987100,1.630000E-06
0.73,1.3981700,1.640000E-06
0.74,1.3981400,1.690000E-06
0.75,1.3976500,1.660000E-06
0.76,1.3975000,1.650000E-06
0.77,1.3972700,1.670000E-06
0.78,1.3966000,1.670000E-06
0.79,1.3964500,1.670000E-06
0.8,1.3960100,1.690000E-06
0.81,1.3961700,1.700000E-06
0.82,1.3968400,1.720000E-06
0.83,1.3970100,1.730000E-06
0.84,1.3962900,1.620000E-06
0.85,1.3968700,1.760000E-06
0.86,1.3967100,1.700000E-06
0.87,1.3965200,2.220000E-06
0.88,1.3962400,2.340000E-06
0.89,1.3962900,2.390000E-06
0.9,1.3961600,2.320000E-06
0.91,1.3961000,2.310000E-06
0.92,1.3958300,2.790000E-06
0.93,1.3958400,2.600000E-06
0.94,1.3955400,2.580000E-06
0.95,1.3954600,2.320000E-06
0.96,1.3955200,2.780000E-06
0.97,1.3953700,2.630000E-06
0.98,1.3951300,2.450000E-06
0.99,1.3950600,2.560000E-06
1,1.3952500,2.880000E-06
1.01,1.3952300,2.260000E-06
1.02,1.3954400,2.610000E-06
1.03,1.3912100,2.540000E-06
1.04,1.3912700,2.440000E-06
1.05,1.3918100,2.380000E-06
1.06,1.3910200,2.470000E-06
1.07,1.3919300,2.520000E-06
1.08,1.3921700,2.570000E-06
1.09,1.3922000,2.760000E-06
1.1,1.3914000,2.700000E-06
1.11,1.3920200,2.400000E-06
1.12,1.3916400,2.660000E-06
1.13,1.3908400,2.850000E-06
1.14,1.3910500,3.420000E-06
1.15,1.3908700,4.810000E-06
1.16,1.3913500,4.840000E-06
1.17,1.3913400,5.340000E-06
1.18,1.3919900,1.100000E-05
1.19,1.3914500,1.460000E-05
1.2,1.3910600,4.750000E-06
1.21,1.3894800,3.870000E-06
1.22,1.3905300,3.700000E-06
1.23,1.3898800,3.000000E-06
1.24,1.3892900,2.890000E-06
1.25,1.3897500,3.000000E-06
1.26,1.3899900,3.040000E-06
1.27,1.3904900,3.160000E-06
1.28,1.3900900,3.190000E-06
1.29,1.3891000,3.110000E-06
1.3,1.3887800,3.140000E-06
1.31,1.3885000,3.110000E-06
1.32,1.3884400,3.120000E-06
1.33,1.3889500,3.250000E-06
1.34,1.3887000,3.540000E-06
1.35,1.3889700,4.130000E-06
1.36,1.3891400,5.430000E-06
1.37,1.3900000,9.450000E-06
1.38,1.3897200,9.790000E-06
1.39,1.3892300,1.140000E-05
1.4,1.3893800,1.420000E-05
1.41,1.3883600,1.240000E-05
1.42,1.3893200,7.870000E-06
1.43,1.3893300,6.990000E-06
1.44,1.3892900,6.050000E-06
1.45,1.3884000,5.110000E-06
1.46,1.3884000,5.120000E-06
1.47,1.3889500,5.100000E-06
1.48,1.3896800,3.030000E-06
1.49,1.3891400,5.340000E-06
1.5,1.3888600,5.840000E-06
1.51,1.3884400,6.900000E-06
1.52,1.3885000,7.800000E-06
1.53,1.3880400,7.850000E-06
1.54,1.3886300,7.980000E-06
1.55,1.3892200,7.830000E-06
1.56,1.3884100,7.280000E-06
1.57,1.3881500,5.950000E-06
1.58,1.3878700,5.230000E-06
1.59,1.3875500,5.010000E-06
1.6,1.3874800,5.040000E-06
1.61,1.3873100,5.170000E-06
1.62,1.3881100,5.530000E-06
1.63,1.3872500,6.140000E-06
1.64,1.3860900,7.670000E-06
1.65,1.3875900,9.770000E-06
1.66,1.3875100,1.020000E-05
1.67,1.3879700,1.080000E-05
1.68,1.3877300,1.810000E-05
1.69,1.3871900,7.250000E-05
1.7,1.3869400,5.970000E-05
1.71,1.3875500,3.220000E-05
1.72,1.3868900,2.160000E-05
1.73,1.3875600,3.960000E-05
1.74,1.3873600,7.030000E-05
1.75,1.3873600,7.410000E-05
1.76,1.3861100,3.460000E-05
1.77,1.3870300,2.280000E-05
1.78,1.3865100,2.780000E-05
1.79,1.3864500,2.360000E-05
1.8,1.3864400,1.260000E-05
1.81,1.3868000,9.260000E-06
1.82,1.3870400,8.870000E-06
1.83,1.3863900,1.390000E-05
1.84,1.3873000,1.970000E-05
1.85,1.3871200,2.290000E-05
1.86,1.3863400,1.350000E-05
1.87,1.3857100,8.200000E-06
1.88,1.3865100,7.430000E-06
1.89,1.3863100,7.870000E-06
1.9,1.3860000,8.450000E-06
1.91,1.3861000,8.830000E-06
1.92,1.3858500,9.570000E-06
1.93,1.3862300,1.010000E-05
1.94,1.3862500,1.080000E-05
1.95,1.3857100,1.110000E-05
1.96,1.3854600,1.250000E-05
1.97,1.3862300,1.450000E-05
1.98,1.3858600,1.420000E-05
1.99,1.3865300,1.400000E-05
2,1.3864800,1.310000E-05
2.0097,1.3992400,1.200000E-05
2.019,1.3979300,1.230000E-05
2.0285,1.3971500,1.030000E-05
2.0381,1.3955100,1.010000E-05
2.0478,1.3948100,9.510000E-07
2.0575,1.3952900,8.810000E-06
2.0673,1.3956200,8.390000E-06
2.0773,1.3967700,8.300000E-06
2.0873,1.3970700,8.510000E-06
2.0975,1.3952300,8.990000E-06
2.1077,1.3949000,9.640000E-06
2.118,1.3947500,1.050000E-05
2.1285,1.3945300,1.200000E-05
2.139,1.3961400,1.420000E-05
2.1496,1.3979600,1.730000E-05
2.1568,1.3991500,1.960000E-05
2.1676,1.3992300,2.380000E-05
2.1785,1.3972100,2.980000E-05
2.1896,1.3967900,3.830000E-05
2.197,1.3981400,4.460000E-05
2.2082,1.4000600,5.460000E-05
2.2196,1.4009300,6.480000E-05
2.2272,1.4008300,7.020000E-05
2.2387,1.3991300,7.630000E-05
2.2465,1.3978300,8.030000E-05
2.2582,1.3975300,8.480000E-05
2.2661,1.3978200,8.590000E-05
2.2781,1.3988400,8.610000E-05
2.2861,1.3998300,8.630000E-05
2.2983,1.3992100,8.770000E-05
2.3065,1.3984000,8.900000E-05
2.3188,1.3981200,8.910000E-05
2.3272,1.3981700,8.670000E-05
2.3398,1.3983400,8.380000E-05
2.3482,1.3987300,8.490000E-05
2.3568,1.3987500,8.790000E-05
2.3697,1.3976900,9.290000E-05
2.3784,1.3971000,9.520000E-05
2.3872,1.3963800,9.550000E-05
2.396,1.3963800,9.510000E-05
2.4093,1.3973700,9.400000E-05
2.4183,1.3978800,9.050000E-05
2.4274,1.3984400,8.790000E-05
2.4365,1.3987000,9.000000E-05
2.4457,1.3987200,9.570000E-05
2.4596,1.3970800,9.980000E-05
2.469,1.3968000,9.930000E-05
2.4784,1.3969800,9.860000E-05
2.488,1.3970300,9.800000E-05
2.4975,1.3964600,9.740000E-05
2.5072,1.3960500,9.510000E-05
2.5169,1.3962500,9.130000E-05
2.5268,1.3963200,8.860000E-05
2.5366,1.3952800,8.740000E-05
2.5466,1.3944600,8.690000E-05
2.5567,1.3946800,8.800000E-05
2.5668,1.3954700,9.200000E-05
2.577,1.3958900,9.700000E-05
2.5873,1.3954800,1.000000E-04
2.5976,1.3948600,1.030000E-04
2.6081,1.3945800,1.060000E-04
2.6186,1.3940700,1.080000E-04
2.6293,1.3940100,1.080000E-04
2.64,1.3950100,1.080000E-04
2.6454,1.3953800,1.080000E-04
2.6562,1.3953400,1.090000E-04
2.6671,1.3950700,1.090000E-04
2.6782,1.3954200,1.080000E-04
2.6893,1.3951800,1.090000E-04
2.6949,1.3949200,1.100000E-04
2.7061,1.3951400,1.110000E-04
2.7175,1.3953900,1.120000E-04
2.7289,1.3950900,1.140000E-04
2.7347,1.3950800,1.140000E-04
2.7462,1.3953500,1.140000E-04
2.7579,1.3954300,1.130000E-04
2.7697,1.3959600,1.150000E-04
2.7756,1.3963200,1.160000E-04
2.7876,1.3961800,1.160000E-04
2.7996,1.3953300,1.170000E-04
2.8057,1.3952000,1.180000E-04
2.8179,1.3957000,1.190000E-04
2.824,1.3960400,1.190000E-04
2.8364,1.3963300,1.200000E-04
2.8489,1.3957500,1.210000E-04
2.8551,1.3949400,1.210000E-04
2.8678,1.3931900,1.220000E-04
2.8741,1.3931300,1.210000E-04
2.8869,1.3945800,1.210000E-04
2.8998,1.3951300,1.210000E-04
2.9063,1.3947800,1.210000E-04
2.9194,1.3949700,1.220000E-04
2.926,1.3948400,1.220000E-04
2.9393,1.3940300,1.220000E-04
2.946,1.3936300,1.220000E-04
2.9594,1.3938000,1.240000E-04
2.9662,1.3937700,1.240000E-04
2.9798,1.3937900,1.230000E-04
2.9867,1.3936600,1.240000E-04
2.9936,1.3934200,1.260000E-04
3.0075,1.3939000,1.260000E-04
3.0145,1.3943100,1.250000E-04
3.0286,1.3943100,1.250000E-04
3.0357,1.3942700,1.270000E-04
3.0499,1.3937100,1.300000E-04
3.0571,1.3928800,1.310000E-04
3.0644,1.3920400,1.320000E-04
3.0789,1.3911400,1.330000E-04
3.0863,1.3911900,1.330000E-04
3.0936,1.3914400,1.330000E-04
3.1085,1.3922500,1.350000E-04
3.1159,1.3921000,1.370000E-04
3.1234,1.3916800,1.390000E-04
3.1386,1.3911400,1.400000E-04
3.1462,1.3911200,1.400000E-04
3.1538,1.3908800,1.400000E-04
3.1693,1.3912900,1.390000E-04
3.177,1.3916900,1.370000E-04
3.1848,1.3917300,1.370000E-04
3.1927,1.3912400,1.380000E-04
3.2085,1.3903600,1.420000E-04
3.2164,1.3899300,1.450000E-04
3.2244,1.3892100,1.460000E-04
3.2325,1.3887600,1.450000E-04
3.2487,1.3881700,1.460000E-04
3.2569,1.3873700,1.470000E-04
3.2651,1.3865000,1.490000E-04
3.2733,1.3862700,1.510000E-04
3.2899,1.3865800,1.510000E-04
3.2983,1.3859100,1.480000E-04
3.3067,1.3844800,1.470000E-04
3.3152,1.3827200,1.480000E-04
3.3237,1.3810000,1.500000E-04
3.3322,1.3786300,1.000000E-03
3.3494,1.3709700,8.070000E-03
3.3581,1.3696700,1.860000E-02
3.3668,1.3768700,3.190000E-02
3.3756,1.3931600,3.830000E-02
3.3844,1.4086600,3.130000E-02
3.3933,1.4142700,1.830000E-02
3.4022,1.4118400,8.360000E-03
3.4111,1.4069900,3.550000E-03
3.4292,1.4007900,3.330000E-03
3.4383,1.4006800,4.630000E-03
3.4474,1.4012900,4.560000E-03
3.4566,1.4015500,3.000000E-03
3.4658,1.4012600,1.450000E-03
3.4751,1.4005400,1.050000E-03
3.4845,1.3994900,1.630000E-04
3.4939,1.3985700,1.630000E-04
3.5033,1.3980400,1.640000E-04
3.5128,1.3975100,1.650000E-04
3.5224,1.3970800,1.670000E-04
3.532,1.3970600,1.660000E-04
3.5416,1.3967700,1.650000E-04
3.5513,1.3963900,1.670000E-04
3.5611,1.3964400,1.700000E-04
3.5709,1.3964500,1.690000E-04
3.5807,1.3961300,1.700000E-04
3.5907,1.3957300,1.710000E-04
3.6006,1.3952600,1.700000E-04
3.6107,1.3948800,1.690000E-04
3.6207,1.3942500,1.700000E-04
3.6309,1.3938700,1.710000E-04
3.6411,1.3937100,1.730000E-04
3.6513,1.3933600,1.760000E-04
3.6617,1.3929900,1.750000E-04
3.672,1.3927500,1.740000E-04
3.6825,1.3927900,1.750000E-04
3.693,1.3928500,1.780000E-04
3.7035,1.3929200,1.800000E-04
3.7141,1.3933800,1.810000E-04
3.7248,1.3935300,1.820000E-04
3.7355,1.3928400,1.810000E-04
3.7463,1.3922100,1.780000E-04
3.7572,1.3920400,1.790000E-04
3.7681,1.3917800,1.820000E-04
3.7791,1.3913700,1.700000E-04
3.7901,1.3911700,1.430000E-04
3.8013,1.3909600,1.190000E-04
3.8124,1.3905200,1.020000E-04
3.8237,1.3901200,8.860000E-05
3.835,1.3901500,7.940000E-05
3.8464,1.3904600,7.280000E-05
3.8578,1.3903500,6.830000E-05
3.8693,1.3898400,6.530000E-05
3.8809,1.3894900,6.360000E-05
3.8926,1.3892200,6.300000E-05
3.9043,1.3890900,6.360000E-05
3.9161,1.3891100,6.560000E-05
3.928,1.3889900,6.920000E-05
3.9399,1.3888500,7.420000E-05
3.9519,1.3889500,8.170000E-05
3.964,1.3890100,9.420000E-05
3.9762,1.3886800,1.150000E-04
3.9884,1.3883100,1.460000E-04
4.0007,1.3883500,1.780000E-04
4.0131,1.3883600,1.650000E-04
4.0255,1.3882500,1.290000E-04
4.0381,1.3882700,1.020000E-04
4.0507,1.3883100,8.450000E-05
4.0634,1.3882100,7.400000E-05
4.0762,1.3879600,6.740000E-05
4.089,1.3874700,6.320000E-05
4.102,1.3869900,6.050000E-05
4.115,1.3868600,5.900000E-05
4.1281,1.3867400,5.870000E-05
4.1413,1.3864400,5.930000E-05
4.1546,1.3864500,6.070000E-05
4.1679,1.3865200,6.280000E-05
4.1814,1.3861100,6.530000E-05
4.1949,1.3857800,6.770000E-05
4.2085,1.3861200,6.990000E-05
4.2222,1.3870700,7.220000E-05
4.236,1.3874300,7.610000E-05
4.2499,1.3862300,8.060000E-05
4.2639,1.3848900,8.410000E-05
4.278,1.3844500,8.870000E-05
4.2921,1.3848700,9.500000E-05
4.3064,1.3848200,1.030000E-04
4.3208,1.3839300,1.110000E-04
4.3352,1.3833000,1.200000E-04
4.3498,1.3829900,1.310000E-04
4.3644,1.3825700,1.450000E-04
4.3791,1.3821300,1.590000E-04
4.394,1.3818900,1.730000E-04
4.4089,1.3821600,1.870000E-04
4.424,1.3825000,1.980000E-04
4.4391,1.3821700,2.090000E-04
4.4544,1.3816200,2.190000E-04
4.4697,1.3814500,2.260000E-04
4.4852,1.3812500,2.260000E-04
4.5008,1.3807900,2.270000E-04
4.5165,1.3802600,2.240000E-04
4.5323,1.3797200,2.250000E-04
4.5482,1.3792500,2.330000E-04
4.5642,1.3788000,2.370000E-04
4.5803,1.3783700,2.360000E-04
4.5965,1.3780700,2.350000E-04
4.6129,1.3782600,2.330000E-04
4.6294,1.3787800,2.320000E-04
4.646,1.3797800,2.340000E-04
4.6627,1.3804500,2.360000E-04
4.6795,1.3803300,2.340000E-04
4.6965,1.3797100,2.350000E-04
4.7136,1.3789300,2.400000E-04
4.7308,1.3785100,2.380000E-04
4.7481,1.3786100,2.390000E-04
4.7655,1.3787200,2.420000E-04
4.7831,1.3783600,2.450000E-04
4.8008,1.3778300,2.490000E-04
4.8187,1.3774500,2.490000E-04
4.8367,1.3769900,2.450000E-04
4.8548,1.3766700,2.450000E-04
4.873,1.3764500,2.490000E-04
4.8914,1.3764300,2.470000E-04
4.91,1.3762700,2.500000E-04
4.9286,1.3755100,2.530000E-04
4.9474,1.3747800,2.580000E-04
4.9664,1.3745200,2.610000E-04
4.9855,1.3741300,2.630000E-04
5.0047,1.3734200,2.580000E-04
5.0241,1.3730100,2.550000E-04
5.0437,1.3728600,2.640000E-04
5.0634,1.3723000,2.600000E-04
5.0832,1.3714000,2.580000E-04
5.1033,1.3710100,2.620000E-04
5.1234,1.3711200,2.630000E-04
5.1438,1.3715100,2.650000E-04
5.1643,1.3716100,2.600000E-04
5.1849,1.3711600,2.600000E-04
5.2057,1.3706100,2.670000E-04
5.2267,1.3701000,2.800000E-04
5.2479,1.3697400,2.720000E-04
5.2692,1.3694500,2.690000E-04
5.2907,1.3693000,2.760000E-04
5.3124,1.3685700,2.740000E-04
5.3343,1.3681900,2.710000E-04
5.3563,1.3678500,2.670000E-04
5.3785,1.3669800,2.820000E-04
5.4009,1.3662300,2.800000E-04
5.4235,1.3657600,2.810000E-04
5.4463,1.3656300,2.770000E-04
5.4693,1.3649300,2.770000E-04
5.4925,1.3640000,2.760000E-04
5.5159,1.3637600,2.820000E-04
5.5394,1.3636600,2.840000E-04
5.5632,1.3633200,2.790000E-04
5.5872,1.3626800,2.810000E-04
5.6114,1.3618800,2.770000E-04
5.6358,1.3612400,2.790000E-04
5.6604,1.3606300,2.910000E-04
5.6852,1.3601700,2.900000E-04
5.7103,1.3595200,2.790000E-04
5.7355,1.3585100,2.770000E-04
5.761,1.3578800,2.820000E-04
5.7867,1.3575600,2.950000E-04
5.8127,1.3570000,2.910000E-04
5.8389,1.3563600,2.820000E-04
5.8653,1.3560200,2.750000E-04
5.8919,1.3554600,2.850000E-04
5.9188,1.3544400,2.940000E-04
5.946,1.3532700,3.070000E-04
5.9734,1.3520800,3.030000E-04
6.0011,1.3514100,2.940000E-04
6.029,1.3510100,5.020000E-04
6.0571,1.3498500,3.990000E-04
6.0856,1.3485600,2.380000E-04
6.1143,1.3477000,4.840000E-04
6.1433,1.3466800,1.090000E-03
6.1725,1.3457200,1.210000E-03
6.202,1.3444800,9.510000E-04
6.2319,1.3438100,1.200000E-03
6.262,1.3432700,1.100000E-03
6.2924,1.3425700,5.760000E-04
6.3231,1.3418800,3.390000E-04
6.3541,1.3409600,3.130000E-04
6.3854,1.3394800,3.940000E-04
6.417,1.3384400,4.600000E-04
6.4489,1.3369800,7.130000E-04
6.4811,1.3351800,7.170000E-04
6.5137,1.3342000,4.910000E-04
6.5466,1.3328700,5.190000E-04
6.5798,1.3310200,2.600000E-04
6.6134,1.3296100,5.840000E-04
6.6473,1.3271100,7.760000E-04
6.6816,1.3236400,6.030000E-04
6.7162,1.3216800,5.890000E-04
6.7512,1.3205300,6.780000E-04
6.7865,1.3183900,1.420000E-03
6.8223,1.3149400,2.570000E-03
6.8583,1.3122300,4.350000E-03
6.8948,1.3119100,6.580000E-03
6.9317,1.3115500,7.040000E-03
6.969,1.3083500,6.480000E-03
7.0066,1.3030600,8.610000E-03
7.0447,1.3003800,1.370000E-02
7.0832,1.3033200,1.800000E-02
7.1221,1.3079000,1.670000E-02
7.1615,1.3093900,1.210000E-02
7.2013,1.3064300,7.400000E-03
7.2415,1.3008700,4.830000E-03
7.2822,1.2947900,3.470000E-03
7.3233,1.2894200,3.070000E-03
7.3649,1.2836300,2.870000E-03
7.407,1.2769700,3.110000E-03
7.4496,1.2706600,3.120000E-03
7.4926,1.2641200,2.590000E-03
7.5362,1.2565000,2.520000E-03
7.5803,1.2475800,3.960000E-03
7.6249,1.2365100,6.050000E-03
7.67,1.2241700,7.770000E-03
7.7156,1.2074700,9.380000E-03
7.7618,1.1842000,1.470000E-02
7.8086,1.1387200,2.930000E-02
7.8559,1.0692000,1.710000E-01
7.9038,1.1308600,3.310000E-01
7.9523,1.3161900,3.320000E-01
8.0014,1.4290300,1.740000E-01
8.0511,1.3802400,5.400000E-02
8.1014,1.3192500,2.730000E-02
8.1524,1.2817700,2.430000E-02
8.204,1.2549100,2.830000E-02
8.2562,1.2339000,3.560000E-02
8.3091,1.2182000,4.490000E-02
8.3628,1.2066800,5.220000E-02
8.4171,1.1957100,5.810000E-02
8.4721,1.1813200,6.320000E-02
8.5278,1.1625800,6.790000E-02
8.5843,1.1403900,7.410000E-02
8.6415,1.1139800,8.410000E-02
8.6995,1.0784000,1.020000E-01
8.7583,1.0370500,1.310000E-01
8.8179,0.9907700,1.750000E-01
8.8783,0.9424300,2.400000E-01
8.9395,0.9085000,3.370000E-01
9.0016,0.9169400,4.690000E-01
9.0645,0.9929600,6.020000E-01
9.1284,1.1258200,6.880000E-01
9.1931,1.2707000,7.050000E-01
9.2588,1.3867500,6.710000E-01
9.3254,1.4646000,6.160000E-01
9.393,1.5116500,5.620000E-01
9.4615,1.5374900,5.190000E-01
9.5311,1.5520700,4.910000E-01
9.6017,1.5687900,4.830000E-01
9.6733,1.6017700,4.910000E-01
9.7461,1.6699400,4.960000E-01
9.8199,1.7746800,4.530000E-01
9.8949,1.8512800,3.340000E-01
9.971,1.8387600,1.940000E-01
10.048,1.7734400,1.060000E-01
10.127,1.7099900,6.350000E-02
10.207,1.6602500,4.210000E-02
10.288,1.6189500,3.120000E-02
10.37,1.5834800,2.520000E-02
10.453,1.5534000,2.080000E-02
10.538,1.5265800,1.830000E-02
10.625,1.5013400,1.810000E-02
10.713,1.4766300,1.820000E-02
10.802,1.4509900,2.140000E-02
10.893,1.4298100,3.130000E-02
10.985,1.4156500,4.010000E-02
11.079,1.3972700,4.130000E-02
11.174,1.3663000,4.660000E-02
11.272,1.3295800,6.750000E-02
11.37,1.3010300,1.120000E-01
11.471,1.3030800,1.670000E-01
11.573,1.3258500,1.930000E-01
11.678,1.3319900,2.020000E-01
11.784,1.3321500,2.220000E-01
11.892,1.3329000,2.270000E-01
12.002,1.2857200,2.440000E-01
12.114,1.2313400,3.430000E-01
12.229,1.2532500,4.890000E-01
12.345,1.3713000,6.400000E-01
12.464,1.6046200,7.210000E-01
12.585,1.8635500,6.090000E-01
12.708,1.9626300,3.610000E-01
12.834,1.8941400,1.740000E-01
12.962,1.7965300,1.020000E-01
13.093,1.7346000,8.960000E-02
13.227,1.7123000,8.480000E-02
13.363,1.6955400,6.270000E-02
13.502,1.6648100,4.220000E-02
13.645,1.6353300,3.490000E-02
13.79,1.6127900,3.340000E-02
13.938,1.5911300,3.870000E-02
14.089,1.5765100,5.180000E-02
14.244,1.5765600,6.280000E-02
14.403,1.5815700,6.420000E-02
14.564,1.5854900,6.060000E-02
14.73,1.5845700,5.300000E-02
14.899,1.5790200,4.680000E-02
15.072,1.5789800,4.000000E-02
15.25,1.5774400,2.850000E-02
15.431,1.5657200,1.970000E-02
15.617,1.5505400,1.940000E-02
15.808,1.5395700,2.160000E-02
16.003,1.5324900,2.070000E-02
16.203,1.5249100,1.860000E-02
16.408,1.5175800,2.120000E-02
16.618,1.5161200,2.410000E-02
16.834,1.5122500,2.320000E-02
17.056,1.5064200,2.410000E-02
17.283,1.5033600,3.070000E-02
17.517,1.5003800,3.560000E-02
17.757,1.4976400,3.870000E-02
18.003,1.5000100,3.990000E-02
18.257,1.5008000,4.020000E-02
18.518,1.4935000,4.260000E-02
18.786,1.4902500,4.380000E-02
19.062,1.4925400,4.410000E-02
19.347,1.4905600,4.570000E-02
19.64,1.4853300,4.470000E-02
19.942,1.4805100,4.200000E-02